FullName,FirstName,LastName,Street,City,State,ZipCode,Region,Birthday,Age,Race_Ethnicity,Religion,RoleofFaith,AlcoholUse,DrugUse,Smoking,JobRetentionChallenges,DayOff,FavoritePlace,Personality,SocialStyle,SadnessResponse,AngerResponse,EducationLevel,ContinuingEducation,SupportNeeds,LivingSituation,CriminalHistory,Children,Connections,BioRelationships,Sexuality,Gender,BiologicalGender,Latitude ,Logatitude
Aaron Diggs,Aaron,Diggs,4401 Hwy. 17,Richmond Hill,Georgia,31324,12,,,,,,,,,,,,,,,,,,,,,,,,,,Male,31.9381,-81.3136
Albert Brown,Albert,Brown,2803 N Columbia St,Milledgeville,Georgia,31061,6,,,,,,,,,,,,,,,,,,,,,,,,,,Male,33.0878,-83.2333
Albert Metz,Albert,Metz,3999 Austell Rd SW #915,Austell,Georgia,30106,13,5/31/1993,28,Black/African American,Other,Unimportant,Irresponsibly,Occasionally,None,checked,Home,Nature,Friendly,Introverted,Self_Reliant,Process,"GED in progress,Vocational/trade school applying",,"Social,Job,Holidays,Medical,Parenting,Mental Health,Budgeting",Program,None,None,,Difficult,Homosexual,Other,Male,33.8132,-84.6347
Alfred Farwell,Alfred,Farwell,1884 N Columbia St,Milledgeville,Georgia,31061,6,,,,,,,,,,,,,,,,,,,,,,,,,,Male,33.0878,-83.2333
Alicia Gilfillan,Alicia,Gilfillan,4639 Lawrenceville Rd,Loganville,Georgia,30052,5,12/31/1992,29,,Islam,Unimportant,Responsibly,Addicted,"Occasional marijuana,Regular cigarettes",checked,Friends/Family,Nature,Reserved,Extraverted,Advice,Withdraw,"GED completed,Vocational/trade school attending",,"Parenting,Budgeting,Mental Health,Social,Medical",Couch_Hopping,None,None,,None,Homosexual,Other,Female,33.8389,-83.8981
Alisha Bouffard,Alisha,Bouffard,3770 Southside Dr,Acworth,Georgia,30101,13,3/12/1993,28,Black/African American,Spiritual,Exclusive,Responsibly,Regularly,"Occasional marijuana,Regular cigarettes,Occasional vape",,Movie/Play,New,Solitary,Extraverted,Advice,React,None,checked,Holidays,Homeless,None,None,,Important,Homosexual,Female,Other,34.0628,-84.67
Amber Lenz,Amber,Lenz,2625 Old Winder Hwy,Braselton,Georgia,30517,13,12/16/1992,29,Black/African American,Spiritual,Unimportant,Occasionally,Regularly,None,checked,Movie/Play,Pampered,Adventurous,Both,Self_Reliant,Process,"GED completed,College degree",,"Mental Health,Holidays,Job,Parenting",Friend/Family,Current Probation,"Caring for multiple,1 in kincare",,Difficult,Bisexual,Female,Female,34.107,-83.7624
Anita Soliz,Anita,Soliz,931 N Church St,Thomaston,Georgia,30286,4,,,,,,,,,,,,,,,,,,,,,,,,,,Female,32.8872,-84.3262
Ann Clem,Ann,Clem,199 Prince Ave,Athens,Georgia,30601,5,11/4/1992,29,Black/African American,Other,Unimportant,Occasionally,None,s,,Read/Walk,Event,Adventurous,Extraverted,Listen,Process,None,,"Legal,Social,Mental Health",Program,None,None,,None,Homosexual,Other,Male,33.95,-83.3833
Ann Davis,Ann,Davis,16 River St,Ellijay,Georgia,30540,1,7/25/1993,28,,Buddhism,Inclusive,Addicted,None,"Occasional marijuana,Regular cigarettes,Occasional vape",checked,Shop,New,Solitary,Introverted,Self_Reliant,Reconcile,GED in progress,,"Medical,Job,Resources",Friend/Family,None,None,,Difficult,Bisexual,Other,Male,34.6947,-84.4836
Anna Samples,Anna,Samples,8471 Hospital Dr,Douglasville,Georgia,30134,3,11/2/1992,29,,Spiritual,Exclusive,None,None,None,,Movie/Play,Event,Reserved,Introverted,Self_Reliant,Withdraw,"GED in progress,College degree",,"Medical,Resources",Independent,None,None,,None,Heterosexual,Other,Female,33.7522,-84.7407
Anthony Schreiber,Anthony,Schreiber,11 E 41st St,Savannah,Georgia,31401,12,,,,,,,,,,,,,,,,,,,,,,,,,,Male,32.0167,-81.1167
Antonio Curl,Antonio,Curl,5001 Brookhaven Rd,Macon,Georgia,31206,6,7/23/1993,28,,None,Inclusive,None,Regularly,None,,Movie/Play,Nature,Shy,Introverted,Listen,React,"HS diploma in progress,College degree",,"Social,Resources,Medical,Job,Budgeting",Couch_Hopping,None,"Caring for multiple,1 in kincare",,Important,Bisexual,Female,Female,32.8381,-83.6705
Ashley Coleman,Ashley,Coleman,34 3rd St,Jackson,Georgia,30233,4,5/31/1993,28,Black/African American,Other,Unimportant,Responsibly,Occasionally,None,,Read/Walk,None,Friendly,Both,Advice,React,None,checked,"Holidays,Parenting",Homeless,None,None,,Important,Heterosexual,Female,Other,33.2936,-83.9625
Ashley Elsberry,Ashley,Elsberry,,,,,,,,,,,,,,,,,,,,,,,,,,,,,,,Female,,
Ashley Hart,Ashley,Hart,301 W Jones St,Savannah,Georgia,31401,12,,,,,,,,,,,,,,,,,,,,,,,,,,Female,32.0167,-81.1167
Barbara Gruver,Barbara,Gruver,62 College St NW,Norcross,Georgia,30071,13,,,,,,,,,,,,,,,,,,,,,,,,,,Female,33.9419,-84.2122
Barbara Hobbs,Barbara,Hobbs,6200 Buford Hwy #1G,Norcross,Georgia,30071,13,,,,,,,,,,,,,,,,,,,,,,,,,,Female,33.9419,-84.2122
Bernard Dudley,Bernard,Dudley,3245 Peachtree Pkwy # I,Suwanee,Georgia,30024,13,,,,,,,,,,,,,,,,,,,,,,,,,,Male,34.0575,-84.0666
Bernice Davenport,Bernice,Davenport,425 Ernest W Barrett Pkwy NW #1090,Kennesaw,Georgia,30144,13,12/2/1992,29,Black/African American,Other,Unimportant,Responsibly,None,"Regular marijuana,Regular cigarettes,Regular vape",,Friends/Family,None,Reserved,Extraverted,Self_Reliant,React,"HS diploma in progress,College degree",,Parenting,Independent,None,None,,None,Heterosexual,Other,Male,34.0233,-84.6153
Betty Burr,Betty,Burr,2013 Jonesboro Rd,McDonough,Georgia,30253,4,,,,,,,,,,,,,,,,,,,,,,,,,,Female,33.447,-84.1464
Betty Llanes,Betty,Llanes,5855 Spout Springs Rd A408,Flowery Branch,Georgia,30542,2,7/20/1993,28,Black/African American,Islam,Exclusive,Occasionally,Occasionally,None,,Shop,Nature,Shy,Both,Listen,React,"HS diploma in progress,College applying",,"Parenting,Resources,Medical",Friend/Family,None,None,,None,Bisexual,Male,Male,34.1858,-83.9244
Bill Crocker,Bill,Crocker,Old Kings Bridge Rd,Nicholson,Georgia,30565,5,,,,,,,,,,,,,,,,,,,,,,,,,,Male,34.1189,-83.4315
Billy Levine,Billy,Levine,7995 Senoia Rd,Fairburn,Georgia,30213,14,4/8/1993,28,,Hinduism,Inclusive,Responsibly,Addicted,None,checked,Movie/Play,Pampered,Reserved,Both,Listen,Reconcile,HS diploma completed,,"Legal,Parenting,Mental Health,Job,Holidays",Couch_Hopping,None,None,,Important,Heterosexual,Female,Female,33.5625,-84.5814
Blanche Alarcon,Blanche,Alarcon,,,,,,,,,,,,,,,,,,,,,,,,,,,,,,,Female,,
Bobby Johnson,Bobby,Johnson,4179 Marietta St,Powder Springs,Georgia,30127,13,,,,,,,,,,,,,,,,,,,,,,,,,,Male,33.8658,-84.6803
Brenda Blodgett,Brenda,Blodgett,3309 New MacLand Rd,Powder Springs,Georgia,30127,13,,,,,,,,,,,,,,,,,,,,,,,,,,Female,33.8658,-84.6803
Brenda McCullum,Brenda,McCullum,10115 US_19,Baconton,Georgia,31716,10,10/14/1992,29,White,Islam,Inclusive,Occasionally,Regularly,None,,Movie/Play,Pampered,Adventurous,Introverted,Advice,Process,HS diploma completed,,"Medical,Holidays,Resources,Social",College,None,None,,Difficult,Heterosexual,Male,Female,31.3761,-84.1614
Brenda Minter,Brenda,Minter,6142 Old Dixie Hwy,Forest Park,Georgia,30297,13,4/21/1993,28,,Judaism,Inclusive,Addicted,Occasionally,"Regular marijuana,Occasional cigarettes",,Read/Walk,New,Shy,Introverted,Self_Reliant,Withdraw,GED in progress,,"Medical,Resources",Couch_Hopping,None,"Caring for multiple,1 in kincare,1 in welfare,Pregnant",,Important,Bisexual,Male,Other,33.6197,-84.3658
Brian Dunn,Brian,Dunn,11346 Tara Blvd,Hampton,Georgia,30228,4,9/21/1992,29,,Judaism,Inclusive,None,Occasionally,None,,Shop,Event,Adventurous,Introverted,Self_Reliant,Reconcile,"GED in progress,Vocational/trade school attending",,"Budgeting,Medical,Mental Health,Social",College,None,Caring for 1,,Important,Homosexual,Male,Other,33.3834,-84.2833
Brian Evans,Brian,Evans,1961 Wrens Hwy,Thomson,Georgia,30824,7,,,,,,,,,,,,,,,,,,,,,,,,,,Male,33.4672,-82.4994
Carlos Beebe,Carlos,Beebe,1425 Market Blvd Suite 1370,Roswell,Georgia,30076,14,,,,,,,,,,,,,,,,,,,,,,,,,,Male,34.0339,-84.3442
Carol Prieto,Carol,Prieto,5953 Joe Frank Harris Pkwy NW,Adairsville,Georgia,30103,3,6/4/1993,28,,Judaism,Unimportant,Responsibly,Addicted,None,,Home,None,Solitary,Introverted,Listen,Reconcile,"HS diploma in progress,College applying",,"Medical,Resources,Parenting",Friend/Family,None,"Caring for multiple,Multiple in kincare",,Important,Bisexual,Male,Female,34.3698,-84.9277
Carrie Williams,Carrie,Williams,5159 Columbia Rd,Grovetown,Georgia,30813,7,6/24/1993,28,,Judaism,Exclusive,None,Addicted,"Occasional marijuana,Occasional cigarettes,Occasional vape",,Shop,None,Adventurous,Introverted,Self_Reliant,Withdraw,HS diploma completed,,"Job,Legal,Medical,Holidays,Social",Friend/Family,None,None,,Difficult,Homosexual,Female,Male,33.4494,-82.1969
Catherine Caudill,Catherine,Caudill,3046 Bankhead Hwy,Austell,Georgia,30168,13,12/30/1992,29,Black/African American,Judaism,Inclusive,Responsibly,None,"Occasional marijuana,Occasional cigarettes,Regular vape",checked,Movie/Play,New,Reserved,Both,Self_Reliant,React,None,,"Job,Budgeting,Holidays",Couch_Hopping,None,None,,Important,Homosexual,Other,Male,33.8132,-84.6347
Chad Richards,Chad,Richards,100 W Walnut Ave,Dalton,Georgia,30720,1,12/30/1992,29,,None,Inclusive,Irresponsibly,Regularly,None,,Home,Nature,Adventurous,Extraverted,Advice,React,"GED completed,College degree",,Social,College,"Current Probation,Jail",None,,Important,Homosexual,Female,Other,34.7715,-84.9718
Chad Sparks,Chad,Sparks,1228 N Westover Blvd,Albany,Georgia,31707,10,9/6/1993,28,Hispanic/Latino (non_white),Spiritual,Inclusive,Responsibly,Addicted,None,checked,Shop,Nature,Solitary,Extraverted,Self_Reliant,Reconcile,GED completed,,Medical,Couch_Hopping,None,None,,Important,Heterosexual,Male,Female,31.5785,-84.1559
Charles Jackson,Charles,Jackson,1 Lake Oconee Trail,Greensboro,Georgia,30642,5,8/14/1993,28,Black/African American,Other,Inclusive,Addicted,None,None,,Friends/Family,Pampered,Shy,Both,Self_Reliant,Withdraw,"GED in progress,Vocational/trade school applying",,"Social,Budgeting,Medical,Parenting",Independent,None,None,,Important,Bisexual,Female,Other,33.5759,-83.1826
Charles Todd,Charles,Todd,3353 Tuton Rd,Baconton,Georgia,31716,10,6/15/1993,28,Unknown,None,Exclusive,None,Occasionally,None,checked,Movie/Play,Pampered,Reserved,Both,Self_Reliant,Reconcile,GED completed,,"Mental Health,Job,Budgeting,Medical",College,None,None,,None,Homosexual,Male,Male,31.3761,-84.1614
Charles Ward,Charles,Ward,4150 Macland Rd Suite 215,Powder Springs,Georgia,30127,13,,,,,,,,,,,,,,,,,,,,,,,,,,Male,33.8658,-84.6803
Charline Brown,Charline,Brown,2 Oak St,Jackson,Georgia,30233,4,5/26/1993,28,,Judaism,Exclusive,Occasionally,Occasionally,None,,Home,New,Solitary,Introverted,Self_Reliant,React,None,,Holidays,College,None,None,,None,Bisexual,Other,Other,33.2936,-83.9625
Charlotte Alfaro,Charlotte,Alfaro,,,,,,,,,,,,,,,,,,,,,,,,,,,,,,,Female,,
Charlotte Sabia,Charlotte,Sabia,1945 Cobb Pkwy NW Building 250,Kennesaw,Georgia,30152,13,5/1/1993,28,Black/African American,Judaism,Inclusive,Responsibly,None,Regular marijuana,,Read/Walk,Event,Solitary,Both,Self_Reliant,React,"GED in progress,Vocational/trade school certified",,"Job,Legal,Holidays,Budgeting",College,Jail,None,,None,Bisexual,Male,Male,34.0233,-84.6153
Cheryl Jolly,Cheryl,Jolly,,,,,,,,,,,,,,,,,,,,,,,,,,,,,,,Female,,
Christina Samuel,Christina,Samuel,208 Crooked Creek Dr,Eatonton,Georgia,31024,6,1/10/1993,29,,Other,Exclusive,None,Occasionally,"Occasional marijuana,Occasional cigarettes,Occasional vape",,Shop,Nature,Adventurous,Both,Self_Reliant,Process,"GED in progress,Vocational/trade school applying",,"Legal,Job,Holidays",Program,Arrested,None,,Important,Heterosexual,Male,Male,33.3264,-83.3878
Christopher Hurd,Christopher,Hurd,5100 Avalon Blvd,Alpharetta,Georgia,30009,14,6/17/1993,28,,Buddhism,Unimportant,Responsibly,Occasionally,"Occasional marijuana,Regular cigarettes",checked,Read/Walk,Nature,Friendly,Introverted,Listen,Withdraw,"GED completed,Vocational/trade school applying",,"Resources,Mental Health",Homeless,None,None,,Important,Bisexual,Male,Other,34.0733,-84.2811
Christopher Mayhugh,Christopher,Mayhugh,1940 Washington Rd,Thomson,Georgia,30824,7,,,,,,,,,,,,,,,,,,,,,,,,,,Male,33.4672,-82.4994
Christy Marini,Christy,Marini,6548 Hwy 92,Acworth,Georgia,30102,13,5/26/1993,28,Mixed Race,Judaism,Unimportant,None,None,None,,Home,Nature,Adventurous,Extraverted,Advice,React,"HS diploma completed,Vocational/trade school attending",,"Social,Holidays,Legal,Parenting,Resources",Program,Arrested,"Caring for multiple,Multiple in kincare",,None,Homosexual,Female,Other,34.0628,-84.67
Clarence Penton,Clarence,Penton,180 Pooler Pkwy,Pooler,Georgia,31322,12,,,,,,,,,,,,,,,,,,,,,,,,,,Male,32.1047,-81.2533
Connie Judge,Connie,Judge,4300 Paces Ferry Rd SE #107,Atlanta,Georgia,30339,13,1/20/1993,29,Black/African American,Other,Inclusive,Irresponsibly,Occasionally,"Occasional marijuana,Regular cigarettes,Regular vape",checked,Movie/Play,Event,Reserved,Introverted,Advice,Withdraw,"GED completed,College applying",,"Budgeting,Medical",Independent,None,None,,None,Bisexual,Female,Other,33.7485,-84.3915
Cornelius Berger,Cornelius,Berger,4215 Jimmy Lee Smith Pkwy #23,Hiram,Georgia,30141,3,3/23/1993,28,,Hinduism,Exclusive,Irresponsibly,Regularly,None,checked,Shop,None,Adventurous,Introverted,Advice,Withdraw,HS diploma completed,,Job,Program,"Arrested,Current Probation",None,,Difficult,Homosexual,Other,Male,33.8778,-84.7615
Craig Foust,Craig,Foust,,,,,,,,,,,,,,,,,,,,,,,,,,,,,,,Male,,
Crystal Hanson,Crystal,Hanson,1945 Rockbridge Rd SW,Stone Mountain,Georgia,30087,14,,,,,,,,,,,,,,,,,,,,,,,,,,Female,33.8053,-84.1714
Dale Johnson,Dale,Johnson,4836 Highway 129N,Jefferson,Georgia,30549,5,1/22/1993,29,White,Hinduism,Exclusive,Irresponsibly,Regularly,"Regular marijuana,Regular cigarettes,Regular vape",,Home,New,Adventurous,Both,Advice,Process,GED in progress,,"Budgeting,Resources,Legal,Job",Couch_Hopping,None,None,,Important,Homosexual,Female,Other,34.1175,-83.5734
Dan Maxwell,Dan,Maxwell,240 W Ponce de Leon Ave,Decatur,Georgia,30030,14,1/21/1993,29,,Christianity,Unimportant,Occasionally,Regularly,"Regular marijuana,Occasional cigarettes,Occasional vape",checked,Friends/Family,New,Friendly,Extraverted,Self_Reliant,Withdraw,"HS diploma completed,Vocational/trade school applying",,"Social,Holidays,Legal,Budgeting,Medical,Parenting",Program,None,None,,None,Homosexual,Other,Female,33.7714,-84.2978
Danielle Johnson,Danielle,Johnson,9 E Washington St,Newnan,Georgia,30263,4,,,,,,,,,,,,,,,,,,,,,,,,,,Female,33.3764,-84.7886
Darla Webb,Darla,Webb,1008 Oglesby Blvd Ext,Elberton,Georgia,30635,5,7/30/1993,28,,Hinduism,Inclusive,Irresponsibly,Regularly,None,,Read/Walk,Pampered,Shy,Introverted,Listen,Process,"HS diploma completed,College applying",,"Mental Health,Legal",Homeless,Current Probation,None,,Difficult,Homosexual,Other,Female,34.1099,-82.8681
Darline Gilbert,Darline,Gilbert,3116 Washington Rd,Augusta,Georgia,30909,7,11/2/1992,29,Black/African American,Spiritual,Unimportant,Irresponsibly,Addicted,Occasional marijuana,,Movie/Play,Event,Adventurous,Both,Self_Reliant,Withdraw,GED in progress,,Medical,Program,None,None,,Difficult,Homosexual,Male,Other,33.4667,-81.9667
Darrell Thompson,Darrell,Thompson,9 Mill Creek Cir B,Pooler,Georgia,31322,12,,,,,,,,,,,,,,,,,,,,,,,,,,Male,32.1047,-81.2533
David Alford,David,Alford,1113 Floyd St NE,Covington,Georgia,30014,5,4/8/1993,28,Hispanic/Latino (non_white),Hinduism,Unimportant,Addicted,None,None,checked,Shop,Nature,Shy,Both,Self_Reliant,Process,HS diploma in progress,,"Social,Job,Resources,Parenting,Medical",Friend/Family,None,None,,Important,Homosexual,Male,Male,33.6,-83.8667
David Kessler,David,Kessler,3742 US_17,Richmond Hill,Georgia,31324,12,,,,,,,,,,,,,,,,,,,,,,,,,,Male,31.9381,-81.3136
David McCartney,David,McCartney,,,,,,,,,,,,,,,,,,,,,,,,,,,,,,,Male,,
David Tucker,David,Tucker,621 Elbert St,Elberton,Georgia,30635,5,2/17/1993,28,,Judaism,Inclusive,Occasionally,Occasionally,"Occasional marijuana,Occasional cigarettes",,Movie/Play,New,Friendly,Introverted,Self_Reliant,Reconcile,"HS diploma completed,College degree",,"Holidays,Parenting,Resources,Mental Health,Medical",College,None,None,,None,Heterosexual,Other,Female,34.1099,-82.8681
Deana Kelly,Deana,Kelly,108 E Jackson St,Thomasville,Georgia,31792,10,,,,,,,,,,,,,,,,,,,,,,,,,,Female,30.8364,-83.9783
Deborah Hyden,Deborah,Hyden,7380 Spout Springs Rd #430,Flowery Branch,Georgia,30542,2,4/8/1993,28,Black/African American,Other,Exclusive,Responsibly,Occasionally,None,,Shop,Nature,Shy,Extraverted,Advice,Process,GED completed,,Holidays,Friend/Family,None,"Caring for multiple,Multiple in kincare",,Important,Bisexual,Male,Other,34.1858,-83.9244
Deborah Robertson,Deborah,Robertson,129 Main St,LaGrange,Georgia,30240,4,8/19/1993,28,Unknown,None,Unimportant,Addicted,Regularly,None,checked,Movie/Play,Event,Reserved,Both,Listen,Reconcile,None,,"Social,Budgeting,Holidays,Parenting",Homeless,None,None,,Difficult,Homosexual,Female,Other,33.0367,-85.0319
Deborah Toner,Deborah,Toner,997 Sunset Blvd,Jesup,Georgia,31545,9,9/4/1993,28,Asian,Hinduism,Inclusive,Irresponsibly,Regularly,None,,Movie/Play,New,Friendly,Introverted,Advice,Reconcile,"HS diploma in progress,College attending",,"Legal,Holidays,Job,Social,Medical,Budgeting",Homeless,Arrested,None,,Important,Homosexual,Other,Male,31.6019,-81.885
Debra Adrian,Debra,Adrian,1307 N Ashley St,Valdosta,Georgia,31601,11,,,,,,,,,,,,,,,,,,,,,,,,,,Female,30.8467,-83.2831
Debra Brown,Debra,Brown,1200 N Peachtree Pkwy,Peachtree City,Georgia,30269,4,,,,,,,,,,,,,,,,,,,,,,,,,,Female,33.399,-84.5706
Delois Baxter,Delois,Baxter,2448 Coffman Alley,Atlanta,Georgia,,14,12/4/1992,29,,None,Exclusive,None,Regularly,"Occasional marijuana,Occasional cigarettes,Regular vape",,Movie/Play,Event,Solitary,Introverted,Listen,Withdraw,"HS diploma in progress,College degree",,"Holidays,Resources,Mental Health,Parenting",Independent,Arrested,None,,Difficult,Homosexual,Other,Other,33.7485,-84.3915
Dennis Houseman,Dennis,Houseman,720 Adel Hwy,Nashville,Georgia,31639,11,,,,,,,,,,,,,,,,,,,,,,,,,,Male,31.2069,-83.2467
Derrick Teasley,Derrick,Teasley,7450 Douglas Blvd,Douglasville,Georgia,30135,3,5/21/1993,28,,Hinduism,Inclusive,Occasionally,Addicted,"Occasional marijuana,Regular cigarettes",checked,Shop,Nature,Reserved,Extraverted,Listen,Reconcile,HS diploma completed,,"Mental Health,Legal,Job,Parenting,Social,Resources,Holidays",Independent,None,None,,Difficult,Homosexual,Female,Female,33.7522,-84.7407
Diana Hillis,Diana,Hillis,106 W 9th St,Alma,Georgia,31510,11,3/17/1993,28,White,None,Unimportant,Occasionally,Regularly,None,checked,Read/Walk,Nature,Friendly,Introverted,Self_Reliant,Reconcile,GED completed,,"Budgeting,Holidays,Resources",Program,None,None,,Difficult,Heterosexual,Other,Female,31.5417,-82.4667
Dianne Sims,Dianne,Sims,17549 Highland Ave N,Arlington,Georgia,39813,10,6/19/1993,28,Black/African American,Spiritual,Exclusive,Irresponsibly,Regularly,None,,Home,Event,Reserved,Extraverted,Listen,React,HS diploma in progress,,"Mental Health,Social",Couch_Hopping,None,None,,None,Bisexual,Female,Other,31.4394,-84.7247
Dolores Smiley,Dolores,Smiley,249 Ivan Allen Jr Blvd NW,Atlanta,Georgia,30313,14,7/11/1993,28,Black/African American,None,Exclusive,Irresponsibly,None,None,,Shop,None,Solitary,Extraverted,Advice,Withdraw,"GED in progress,Vocational/trade school certified",,"Budgeting,Social,Medical",Couch_Hopping,"Arrested,Current Probation",None,,Important,Homosexual,Other,Other,33.7485,-84.3915
Donna Peterson,Donna,Peterson,,,,,,,,,,,,,,,,,,,,,,,,,,,,,,,Female,,
Donna Skow,Donna,Skow,3195 E 1st St,Vidalia,Georgia,30474,9,,,,,,,,,,,,,,,,,,,,,,,,,,Female,32.2153,-82.41
Doreen Ahmed,Doreen,Ahmed,1531 Baytree Rd,Valdosta,Georgia,31601,11,,,,,,,,,,,,,,,,,,,,,,,,,,Female,30.8467,-83.2831
Doreen Parker,Doreen,Parker,4550 Jonesboro Rd Suite C,Union City,Georgia,30291,14,,,,,,,,,,,,,,,,,,,,,,,,,,Female,33.5783,-84.5433
Doris Davis,Doris,Davis,,,,,,,,,,,,,,,,,,,,,,,,,,,,,,,Female,,
Dorothy Fischer,Dorothy,Fischer,2842 Panola Rd,Lithonia,Georgia,30058,14,9/19/1992,29,,Christianity,Inclusive,Addicted,Addicted,None,checked,Read/Walk,New,Adventurous,Introverted,Self_Reliant,Withdraw,GED completed,,"Budgeting,Social,Holidays,Medical,Resources",Couch_Hopping,None,None,,None,Homosexual,Male,Female,33.7121,-84.1058
Dorothy Hight,Dorothy,Hight,288 Shorter Ave NW,Rome,Georgia,30165,3,,,,,,,,,,,,,,,,,,,,,,,,,,Female,34.2605,-85.1806
Dorthy Pimentel,Dorthy,Pimentel,2905 Stonecrest Cir,Lithonia,Georgia,30038,14,3/28/1993,28,,None,Unimportant,Irresponsibly,Occasionally,None,,Movie/Play,None,Reserved,Both,Advice,React,"GED completed,Vocational/trade school certified",,"Budgeting,Legal,Holidays,Medical,Job",Friend/Family,"Arrested,Current Probation",None,,Difficult,Homosexual,Male,Other,33.7121,-84.1058
Eddie Davis,Eddie,Davis,1305 E Lamar St,Americus,Georgia,31709,8,9/27/1992,29,Mixed Race,Spiritual,Exclusive,Responsibly,Occasionally,Occasional marijuana,checked,Shop,Nature,Friendly,Both,Self_Reliant,Reconcile,GED completed,,"Parenting,Holidays,Resources,Medical,Social,Mental Health,Job",Couch_Hopping,"Jail,Current Probation",None,,Important,Bisexual,Female,Female,32.0753,-84.2267
Edgar Knutson,Edgar,Knutson,4310 Augusta Rd,Garden City,Georgia,31408,12,5/29/1993,28,Hispanic/Latino (non_white),Other,Exclusive,Occasionally,Regularly,None,,Shop,None,Shy,Extraverted,Listen,Withdraw,"HS diploma in progress,Vocational/trade school attending",,"Resources,Parenting,Mental Health",Couch_Hopping,None,None,,Difficult,Homosexual,Female,Other,32.1003,-81.165
Edward Krauss,Edward,Krauss,2707 W Lanier Ave Unit 8,Peachtree City,Georgia,30269,4,,,,,,,,,,,,,,,,,,,,,,,,,,Male,33.399,-84.5706
Edward Trevino,Edward,Trevino,5939 Joe Frank Harris Pkwy NW ste b,Adairsville,Georgia,30103,3,10/2/1992,29,,Islam,Inclusive,Responsibly,Addicted,None,,Friends/Family,New,Solitary,Both,Advice,Process,HS diploma completed,,"Resources,Job,Mental Health,Parenting,Legal",Independent,"Current Probation,Jail",None,,Difficult,Bisexual,Male,Other,34.3698,-84.9277
Edwardo Villela,Edwardo,Villela,,,,,,,,,,,,,,,,,,,,,,,,,,,,,,,Male,,
Elaine Simpson,Elaine,Simpson,1160 Ernest W Barrett Pkwy NW,Kennesaw,Georgia,30144,13,6/9/1993,28,Black/African American,Islam,Exclusive,Responsibly,Occasionally,"Regular marijuana,Occasional cigarettes",checked,Friends/Family,Pampered,Solitary,Introverted,Listen,Reconcile,HS diploma in progress,,"Mental Health,Legal",Friend/Family,None,None,,None,Bisexual,Other,Other,34.0233,-84.6153
Eleanor Bell,Eleanor,Bell,5900 Spout Springs Rd,Flowery Branch,Georgia,30542,2,10/1/1992,29,Black/African American,Spiritual,Unimportant,None,Occasionally,Regular marijuana,checked,Home,Nature,Shy,Extraverted,Self_Reliant,Reconcile,HS diploma in progress,,"Budgeting,Mental Health,Holidays,Resources,Medical,Job",Program,None,None,,Difficult,Bisexual,Other,Male,34.1858,-83.9244
Eleanor Schmidt,Eleanor,Schmidt,1030 Old Peachtree Rd NW #208,Lawrenceville,Georgia,30043,13,9/27/1992,29,White,Hinduism,Unimportant,None,Addicted,"Occasional marijuana,Regular cigarettes",checked,Movie/Play,Pampered,Reserved,Both,Listen,React,"GED in progress,College applying",,"Holidays,Resources,Parenting,Job,Social",Homeless,None,None,,Important,Bisexual,Other,Other,33.9531,-83.9925
Elizabeth Guerra,Elizabeth,Guerra,2480 Limestone Pkwy,Gainesville,Georgia,30501,2,3/19/1993,28,,Other,Exclusive,Irresponsibly,None,None,checked,Home,Pampered,Solitary,Both,Advice,Reconcile,HS diploma in progress,,"Budgeting,Legal,Resources,Social,Mental Health",College,None,None,,Difficult,Homosexual,Male,Male,34.3044,-83.8339
Eric Woods,Eric,Woods,1330 Boone Avenue Ext,Kingsland,Georgia,31548,12,8/22/1993,28,Black/African American,Islam,Exclusive,Irresponsibly,None,None,,Home,Event,Friendly,Both,Self_Reliant,Process,"GED in progress,Vocational/trade school attending",,"Parenting,Job,Medical",Independent,None,None,,Important,Homosexual,Male,Female,30.7947,-81.6717
Erik Moorefield,Erik,Moorefield,1424 Sam Nunn Blvd,Perry,Georgia,31069,6,,,,,,,,,,,,,,,,,,,,,,,,,,Male,32.4594,-83.7325
Erin Prange,Erin,Prange,3488 US_17,Richmond Hill,Georgia,31324,12,,,,,,,,,,,,,,,,,,,,,,,,,,Female,31.9381,-81.3136
Evelyn Burge,Evelyn,Burge,1950 Satellite Blvd,Duluth,Georgia,30097,13,4/26/1993,28,,Judaism,Unimportant,Addicted,Addicted,"Occasional marijuana,Occasional cigarettes,Regular vape",checked,Friends/Family,Pampered,Adventurous,Both,Self_Reliant,React,"GED in progress,College degree",,"Job,Social,Resources,Budgeting,Legal",Couch_Hopping,"Jail,Arrested",None,,None,Bisexual,Other,Other,34.0031,-84.1456
Fernando Lopes,Fernando,Lopes,,,,,,,,,,,,,,,,,,,,,,,,,,,,,,,Male,,
Flora Tuttle,Flora,Tuttle,1100 Creek Club Dr,Greensboro,Georgia,30642,5,10/18/1992,29,Black/African American,Christianity,Inclusive,Responsibly,None,None,checked,Home,Nature,Reserved,Both,Listen,Withdraw,"HS diploma in progress,Vocational/trade school certified",,"Medical,Resources,Budgeting,Mental Health",Independent,"Current Probation,Jail",None,,None,Bisexual,Male,Other,33.5759,-83.1826
Freda Brooks,Freda,Brooks,6518 GA_85,Riverdale,Georgia,30274,13,,,,,,,,,,,,,,,,,,,,,,,,,,Female,33.5726,-84.4125
Freddy Hunt,Freddy,Hunt,11190 Alpharetta Hwy,Roswell,Georgia,30076,14,,,,,,,,,,,,,,,,,,,,,,,,,,Male,34.0339,-84.3442
Gail Johnson,Gail,Johnson,1427 S Lumpkin St,Athens,Georgia,30605,5,3/28/1993,28,Hispanic/Latino (non_white),Buddhism,Inclusive,Responsibly,None,None,checked,Home,Event,Reserved,Extraverted,Self_Reliant,Reconcile,"HS diploma in progress,College degree",,"Job,Budgeting,Resources",Program,None,None,,Difficult,Homosexual,Female,Female,33.95,-83.3833
Garrett McElyea,Garrett,McElyea,1161 Pine St,Unadilla,Georgia,31091,8,,,,,,,,,,,,,,,,,,,,,,,,,,Male,32.2617,-83.7366
Gary Hand,Gary,Hand,2042 Mt Zion Rd,Morrow,Georgia,30260,13,,,,,,,,,,,,,,,,,,,,,,,,,,Male,33.5786,-84.34
Gary Hoffman,Gary,Hoffman,3415 Atlanta Hwy,Oakwood,Georgia,30542,2,,,,,,,,,,,,,,,,,,,,,,,,,,Male,34.2312,-83.8701
Gary Price,Gary,Price,217 1/2 W Broughton St,Savannah,Georgia,31401,12,,,,,,,,,,,,,,,,,,,,,,,,,,Male,32.0167,-81.1167
Gary Reyes,Gary,Reyes,1000 Peachtree Industrial Blvd #3,Suwanee,Georgia,30024,13,,,,,,,,,,,,,,,,,,,,,,,,,,Male,34.0575,-84.0666
George Morris,George,Morris,3732 Cedarcrest Rd a100,Acworth,Georgia,30101,13,6/3/1993,28,,Islam,Exclusive,Occasionally,Occasionally,None,checked,Read/Walk,Pampered,Adventurous,Introverted,Listen,Reconcile,GED completed,,"Job,Resources,Parenting,Legal",College,None,None,,Important,Bisexual,Male,Male,34.0628,-84.67
George Spear,George,Spear,101 S Main St,Ellijay,Georgia,30540,1,3/26/1993,28,,Christianity,Exclusive,Addicted,Regularly,"Occasional marijuana,Regular cigarettes",checked,Friends/Family,Nature,Friendly,Introverted,Self_Reliant,Reconcile,"HS diploma completed,College attending",,"Medical,Social,Holidays,Budgeting",Friend/Family,None,"Caring for 1,Multiple in kincare",,Important,Heterosexual,Male,Female,34.6947,-84.4836
George Tackitt,George,Tackitt,2240 Forest Pkwy,Morrow,Georgia,30260,13,,,,,,,,,,,,,,,,,,,,,,,,,,Male,33.5786,-84.34
George Thigpen,George,Thigpen,1347 Augusta W Pkwy,Augusta,Georgia,30909,7,8/19/1993,28,,Spiritual,Exclusive,None,Addicted,None,checked,Shop,Nature,Solitary,Both,Self_Reliant,Process,"HS diploma completed,College attending",,"Legal,Budgeting,Social,Job",Couch_Hopping,"Jail,Arrested",None,,None,Heterosexual,Female,Female,33.4667,-81.9667
Gerry Sheely,Gerry,Sheely,,,,,,,,,,,,,,,,,,,,,,,,,,,,,,,Female,,
Gloria Hollowell,Gloria,Hollowell,256 Anderson Cir,Alto,Georgia,30510,2,5/1/1993,28,,Hinduism,Unimportant,Occasionally,Regularly,"Regular marijuana,Occasional cigarettes",,Read/Walk,Pampered,Shy,Introverted,Listen,Withdraw,HS diploma in progress,,"Mental Health,Resources,Medical,Parenting,Budgeting",Couch_Hopping,None,"Caring for multiple,1 in kincare,Multiple in welfare",,Difficult,Homosexual,Other,Male,34.4675,-83.5737
Greg Salas,Greg,Salas,5330 Brookstone Dr NW # 210,Acworth,Georgia,30101,13,4/13/1993,28,White,Buddhism,Exclusive,None,Addicted,None,checked,Movie/Play,None,Solitary,Extraverted,Self_Reliant,Withdraw,GED in progress,,Parenting,Homeless,None,None,,Difficult,Bisexual,Female,Other,34.0628,-84.67
Heather Ellington,Heather,Ellington,3615 Mundy Mill Rd,Oakwood,Georgia,30566,2,,,,,,,,,,,,,,,,,,,,,,,,,,Female,34.2312,-83.8701
Helen Turner,Helen,Turner,3913 River Pl Dr,Macon,Georgia,31210,6,7/20/1993,28,,Christianity,Inclusive,Responsibly,Regularly,"Occasional marijuana,Occasional cigarettes,Occasional vape",checked,Shop,None,Reserved,Extraverted,Listen,React,"HS diploma completed,College applying",,"Legal,Job,Medical",College,None,None,,None,Homosexual,Male,Male,32.8381,-83.6705
Herman Cousar,Herman,Cousar,7210 GA_85,Riverdale,Georgia,30274,13,,,,,,,,,,,,,,,,,,,,,,,,,,Male,33.5726,-84.4125
Herminia Sims,Herminia,Sims,2779 Mt Zion Pkwy,Jonesboro,Georgia,30236,13,6/19/1993,28,Unknown,Hinduism,Unimportant,Irresponsibly,Occasionally,Occasional marijuana,,Home,Pampered,Shy,Extraverted,Advice,Withdraw,HS diploma in progress,,"Job,Parenting,Legal,Medical,Resources,Budgeting",Program,Current Probation,"Caring for multiple,Multiple in kincare",,None,Homosexual,Other,Male,33.5244,-84.3542
Hiram Kelly,Hiram,Kelly,2831 E College Ave,Avondale Estates,Georgia,30002,14,10/10/1992,29,Black/African American,Hinduism,Exclusive,Occasionally,Occasionally,"Regular marijuana,Regular cigarettes,Regular vape",,Read/Walk,Pampered,Friendly,Both,Self_Reliant,React,None,checked,"Legal,Social,Medical",College,None,None,,Important,Heterosexual,Male,Male,33.7708,-84.265
Ian Hall,Ian,Hall,510 W Pike St,Lawrenceville,Georgia,30045,13,8/2/1993,28,Black/African American,Other,Unimportant,None,Regularly,None,,Read/Walk,New,Reserved,Both,Advice,Process,"HS diploma completed,College attending",,"Job,Mental Health,Parenting,Holidays",Couch_Hopping,"Arrested,Jail",None,,None,Bisexual,Male,Male,33.9531,-83.9925
Idella Rousseau,Idella,Rousseau,213 Clinton St,Macon,Georgia,31217,6,11/27/1992,29,,Christianity,Unimportant,Responsibly,None,None,,Home,Event,Reserved,Both,Listen,Reconcile,GED in progress,,"Parenting,Job,Mental Health,Medical,Legal",College,None,None,,Difficult,Homosexual,Other,Other,32.8381,-83.6705
Inez Cook,Inez,Cook,1041 Broadway,Columbus,Georgia,31901,8,5/26/1993,28,Black/African American,Islam,Exclusive,Responsibly,None,None,checked,Friends/Family,Event,Friendly,Extraverted,Advice,Withdraw,"HS diploma in progress,Vocational/trade school attending",,"Job,Mental Health,Medical,Resources,Holidays",Homeless,None,None,,Difficult,Heterosexual,Male,Other,32.4922,-84.9403
Jacquelyn Brook,Jacquelyn,Brook,70 W Broad St,Fairburn,Georgia,30213,14,6/30/1993,28,,Judaism,Unimportant,Addicted,None,None,,Shop,Pampered,Adventurous,Both,Advice,Withdraw,"HS diploma completed,Vocational/trade school attending",,Parenting,Homeless,None,None,,None,Heterosexual,Other,Male,33.5625,-84.5814
Jake Johnston,Jake,Johnston,4301 Washington Rd,Evans,Georgia,30809,7,10/25/1992,29,,Other,Exclusive,Occasionally,Regularly,Occasional marijuana,,Movie/Play,None,Friendly,Introverted,Listen,Withdraw,"GED in progress,College applying",,"Legal,Job,Budgeting,Resources",Couch_Hopping,None,None,,Difficult,Bisexual,Male,Female,33.5334,-82.1303
James Ford,James,Ford,715 N Main St,Hiawassee,Georgia,30546,2,3/21/1993,28,Unknown,Other,Exclusive,Responsibly,None,None,,Shop,Event,Reserved,Extraverted,Listen,Withdraw,HS diploma in progress,,"Holidays,Job,Social,Medical,Budgeting,Resources",College,None,None,,Important,Heterosexual,Male,Other,34.9494,-83.755
James Goebel,James,Goebel,412 GA_155 S,McDonough,Georgia,30253,4,,,,,,,,,,,,,,,,,,,,,,,,,,Male,33.447,-84.1464
James Lanigan,James,Lanigan,837 Highway 400 North,Dawsonville,Georgia,30534,2,4/21/1993,28,,Islam,Inclusive,None,Addicted,"Regular marijuana,Occasional cigarettes",,Shop,None,Solitary,Extraverted,Self_Reliant,React,"GED in progress,College degree",,"Social,Resources,Budgeting,Holidays",Program,None,"Caring for multiple,1 in kincare,Multiple in welfare",,None,Homosexual,Other,Female,34.4167,-84.1167
James Torres,James,Torres,1842 Piedmont Ave NE,Atlanta,Georgia,30324,14,10/26/1992,29,Black/African American,Hinduism,Inclusive,Addicted,None,None,checked,Read/Walk,Event,Shy,Extraverted,Self_Reliant,Process,"HS diploma completed,College attending",,"Mental Health,Resources,Social,Parenting,Job,Legal,Budgeting",Independent,None,None,,Important,Bisexual,Male,Other,33.7485,-84.3915
James Wesley,James,Wesley,620 S Davis St,Nashville,Georgia,31639,11,,,,,,,,,,,,,,,,,,,,,,,,,,Male,31.2069,-83.2467
Janet Chase,Janet,Chase,264 Commerce Dr,Peachtree City,Georgia,30269,4,,,,,,,,,,,,,,,,,,,,,,,,,,Female,33.399,-84.5706
Janet Smith,Janet,Smith,3348 Cobb Pkwy NW Ste 120,Acworth,Georgia,30101,13,5/30/1993,28,Black/African American,Judaism,Unimportant,Responsibly,None,None,,Friends/Family,Pampered,Solitary,Introverted,Listen,Withdraw,HS diploma completed,,Resources,Program,None,None,,Important,Homosexual,Female,Male,34.0628,-84.67
Janice Gould,Janice,Gould,3875 Washington Rd,East Point,Georgia,30344,14,9/5/1993,28,,Christianity,Unimportant,None,Addicted,None,checked,Friends/Family,Nature,Adventurous,Both,Listen,React,GED completed,,"Parenting,Holidays,Legal,Job,Resources,Medical",Independent,None,None,,Difficult,Homosexual,Female,Female,33.6761,-84.4514
Janine Sousa,Janine,Sousa,125 W Main St,Canton,Georgia,30114,1,4/30/1993,28,,Spiritual,Exclusive,Occasionally,None,None,checked,Movie/Play,None,Shy,Both,Listen,Reconcile,GED in progress,,"Holidays,Job,Mental Health,Parenting",Homeless,None,None,,Important,Heterosexual,Other,Male,34.2272,-84.4947
Jean Tevis,Jean,Tevis,50 E Lake Rd,McDonough,Georgia,30252,4,10/9/1992,29,,None,Exclusive,None,Occasionally,None,,Shop,Event,Adventurous,Both,Self_Reliant,Withdraw,"HS diploma completed,Vocational/trade school certified",,"Resources,Social,Holidays",Couch_Hopping,"Current Probation,Jail,Arrested",None,,Difficult,Homosexual,Female,Female,33.447,-84.1464
Jeffrey Davis,Jeffrey,Davis,219 W Wilson St,Villa Rica,Georgia,30180,4,,,,,,,,,,,,,,,,,,,,,,,,,,Male,33.7319,-84.92
Jeffrey James,Jeffrey,James,4113 Jimmy Lee Smith Pkwy,Hiram,Georgia,30141,3,11/15/1992,29,Black/African American,Buddhism,Inclusive,Occasionally,Occasionally,"Regular marijuana,Occasional cigarettes",,Home,Nature,Reserved,Introverted,Listen,Process,"HS diploma in progress,Vocational/trade school applying",,"Medical,Social,Job,Parenting",Independent,None,Caring for 1,,None,Homosexual,Female,Female,33.8778,-84.7615
Jennie Malone,Jennie,Malone,4352 Washington Rd #3938,Evans,Georgia,30809,7,12/21/1992,29,,Buddhism,Exclusive,Irresponsibly,None,None,,Shop,None,Shy,Extraverted,Advice,Withdraw,"GED in progress,Vocational/trade school certified",,Parenting,Independent,None,None,,None,Bisexual,Male,Female,33.5334,-82.1303
Jennifer Johnson,Jennifer,Johnson,350 E Howell St,Hartwell,Georgia,30643,2,11/19/1992,29,Unknown,Hinduism,Unimportant,Responsibly,Addicted,None,checked,Shop,Nature,Reserved,Introverted,Listen,Reconcile,HS diploma completed,,"Mental Health,Budgeting,Medical",Independent,"Current Probation,Jail","Caring for 1,1 in kincare",,Important,Heterosexual,Male,Female,34.3527,-82.9331
Jennifer Ritz,Jennifer,Ritz,2909 Blue Ridge Dr,Blue Ridge,Georgia,30513,1,8/22/1993,28,,Spiritual,Inclusive,Irresponsibly,Regularly,None,,Home,None,Reserved,Extraverted,Self_Reliant,Reconcile,"GED completed,Vocational/trade school applying",,"Job,Parenting,Holidays",Friend/Family,"Jail,Arrested",None,,None,Bisexual,Other,Male,34.8655,-84.3253
Jerald Crystal,Jerald,Crystal,117 N Irwin Ave,Ocilla,Georgia,31774,11,,,,,,,,,,,,,,,,,,,,,,,,,,Male,31.5986,-83.25
Jeremy Parker,Jeremy,Parker,710 E Washington Ave,Ashburn,Georgia,31714,11,2/25/1993,28,White,Spiritual,Inclusive,Responsibly,None,None,,Read/Walk,None,Adventurous,Extraverted,Self_Reliant,Reconcile,None,checked,Holidays,Program,None,None,,Important,Bisexual,Other,Female,31.7044,-83.6539
Jerry Guest,Jerry,Guest,556 W Oglethorpe Hwy,Hinesville,Georgia,31313,12,11/14/1992,29,,Other,Inclusive,Responsibly,Occasionally,None,checked,Shop,New,Friendly,Extraverted,Listen,Reconcile,GED in progress,,Social,Friend/Family,None,"Caring for 1,1 in kincare",,None,Homosexual,Other,Male,31.8325,-81.6117
Jimmie Ford,Jimmie,Ford,,,,,,,,,,,,,,,,,,,,,,,,,,,,,,,Female,,
Joann Leon,Joann,Leon,,,,,,,,,,,,,,,,,,,,,,,,,,,,,,,Female,,
Joel Hardin,Joel,Hardin,801 W Screven St,Quitman,Georgia,31643,11,,,,,,,,,,,,,,,,,,,,,,,,,,Male,30.7847,-83.5608
John Evans,John,Evans,1359 Sam Nunn Blvd,Perry,Georgia,31069,6,,,,,,,,,,,,,,,,,,,,,,,,,,Male,32.4594,-83.7325
John Fredericks,John,Fredericks,5561 Fitzgerald Hwy,Ambrose,Georgia,31512,11,8/2/1993,28,White,Buddhism,Inclusive,None,Regularly,None,checked,Shop,New,Solitary,Introverted,Advice,Withdraw,None,,"Budgeting,Parenting,Mental Health,Social,Job,Legal",College,None,"Caring for multiple,1 in kincare,Multiple in welfare",,None,Homosexual,Female,Female,31.5952,-83.013
John Johnson,John,Johnson,8560 Holcomb Bridge Rd,Alpharetta,Georgia,30022,14,9/19/1992,29,,Spiritual,Inclusive,None,Addicted,"Regular marijuana,Occasional cigarettes,Regular vape",checked,Home,Pampered,Solitary,Introverted,Advice,React,"HS diploma completed,College degree",,"Budgeting,Job,Medical,Legal,Holidays,Mental Health,Resources,Social",Program,None,None,,Important,Bisexual,Male,Male,34.0733,-84.2811
John Kellar,John,Kellar,6655 James B Rivers Memorial Dr,Stone Mountain,Georgia,30083,14,,,,,,,,,,,,,,,,,,,,,,,,,,Male,33.8053,-84.1714
John Mauck,John,Mauck,109 Traveler's Way,Port Wentworth,Georgia,31407,12,,,,,,,,,,,,,,,,,,,,,,,,,,Male,32.1644,-81.18
John Pemberton,John,Pemberton,834 Gordon St,Jefferson,Georgia,30549,5,9/27/1992,29,White,Christianity,Exclusive,Irresponsibly,Addicted,None,,Home,Pampered,Solitary,Introverted,Advice,Reconcile,HS diploma completed,,"Job,Resources,Legal",Homeless,None,None,,Difficult,Homosexual,Other,Female,34.1175,-83.5734
John Pemberton,John,Pemberton,128 Old Jesup Rd,Brunswick,Georgia,31520,12,6/28/1993,28,Black/African American,Other,Unimportant,Addicted,Regularly,None,checked,Home,Event,Adventurous,Extraverted,Self_Reliant,Process,"HS diploma completed,Vocational/trade school applying",,"Mental Health,Job,Holidays,Parenting,Social,Medical",Program,None,None,,Difficult,Homosexual,Female,Other,31.169,-81.5025
John Tejada,John,Tejada,2965 Turner Hill Rd,Lithonia,Georgia,30038,14,1/20/1993,29,,Hinduism,Exclusive,Addicted,Regularly,"Occasional marijuana,Regular cigarettes",,Home,New,Reserved,Introverted,Self_Reliant,React,GED in progress,,"Social,Mental Health,Legal",Independent,None,None,,Difficult,Heterosexual,Male,Other,33.7121,-84.1058
Johnny Schneider,Johnny,Schneider,3130 Piedmont Rd NE,Atlanta,Georgia,30305,14,12/14/1992,29,Mixed Race,Christianity,Inclusive,Occasionally,Regularly,None,,Read/Walk,Event,Friendly,Both,Listen,Withdraw,GED completed,,Medical,Homeless,None,None,,Difficult,Heterosexual,Female,Male,33.7485,-84.3915
Jonathan King,Jonathan,King,,,,,,,,,,,,,,,,,,,,,,,,,,,,,,,Male,,
Jong Thomas,Jong,Thomas,1252 Monteith Rd,Port Wentworth,Georgia,31407,12,,,,,,,,,,,,,,,,,,,,,,,,,,Female,32.1644,-81.18
Joseph Brown,Joseph,Brown,4763 Atlanta Hwy #390,Loganville,Georgia,30052,5,10/8/1992,29,,None,Inclusive,Addicted,Occasionally,Occasional marijuana,checked,Read/Walk,Nature,Reserved,Both,Self_Reliant,Reconcile,HS diploma in progress,,"Social,Parenting",Couch_Hopping,None,None,,Difficult,Bisexual,Other,Other,33.8389,-83.8981
Joseph Dillard,Joseph,Dillard,1208 US_82 W,Tifton,Georgia,31794,11,,,,,,,,,,,,,,,,,,,,,,,,,,Male,31.4633,-83.51
Joseph Moore,Joseph,Moore,1175 E Cherry St,Jesup,Georgia,31546,9,1/5/1993,29,Unknown,Judaism,Inclusive,Responsibly,Occasionally,"Regular marijuana,Regular cigarettes",checked,Home,Pampered,Reserved,Extraverted,Advice,Process,GED completed,,"Job,Legal,Holidays,Parenting,Budgeting,Resources",Friend/Family,None,None,,Important,Heterosexual,Male,Other,31.6019,-81.885
Joseph Thompson,Joseph,Thompson,456 Bourne Ave,Port Wentworth,Georgia,31408,12,,,,,,,,,,,,,,,,,,,,,,,,,,Male,32.1644,-81.18
Joshua Cooper,Joshua,Cooper,223 Turner McCall Blvd,Rome,Georgia,30165,3,,,,,,,,,,,,,,,,,,,,,,,,,,Male,34.2605,-85.1806
Joyce Oliveira,Joyce,Oliveira,Bldg 5060,Kings Bay Base,Georgia,31547,12,8/31/1993,28,Unknown,Islam,Exclusive,None,None,Regular marijuana,checked,Friends/Family,Pampered,Shy,Extraverted,Self_Reliant,React,GED in progress,,"Social,Legal,Medical,Budgeting",College,"Current Probation,Arrested,Jail",None,,None,Homosexual,Female,Other,30.8066,-81.5666
Juan Martin,Juan,Martin,6103 Joe Frank Harris Pkwy NW,Adairsville,Georgia,30103,3,8/31/1993,28,,Christianity,Inclusive,Responsibly,Regularly,None,,Friends/Family,Nature,Shy,Introverted,Listen,Withdraw,GED completed,,"Legal,Job,Budgeting,Holidays,Parenting,Medical,Mental Health",College,None,None,,Difficult,Homosexual,Female,Male,34.3698,-84.9277
Julie Jackson,Julie,Jackson,4279 Roswell Rd NE #103,Atlanta,Georgia,30342,14,6/9/1993,28,,Spiritual,Inclusive,Occasionally,Regularly,None,checked,Friends/Family,New,Solitary,Introverted,Self_Reliant,React,"GED completed,Vocational/trade school applying",,Social,Homeless,Jail,"Caring for 1,1 in kincare,1 in welfare",,Important,Heterosexual,Male,Other,33.7485,-84.3915
Julie Nichol,Julie,Nichol,4719 Lower Roswell Rd #110,Marietta,Georgia,30068,13,9/12/1992,29,,None,Exclusive,Occasionally,Regularly,"Regular marijuana,Regular cigarettes",checked,Movie/Play,New,Friendly,Extraverted,Listen,Process,"HS diploma completed,College applying",,"Medical,Resources,Mental Health,Parenting,Social,Holidays",Independent,None,None,,Difficult,Homosexual,Female,Other,33.9523,-84.5491
June Nordstrom,June,Nordstrom,1369 GA_40 E,Kingsland,Georgia,31548,12,12/10/1992,29,Black/African American,Christianity,Inclusive,Addicted,None,Regular marijuana,checked,Home,Nature,Solitary,Extraverted,Listen,Withdraw,HS diploma in progress,,"Budgeting,Resources",Program,None,None,,None,Homosexual,Other,Male,30.7947,-81.6717
Karen Benson,Karen,Benson,2805 Main St,East Point,Georgia,30344,14,6/6/1993,28,Black/African American,Spiritual,Exclusive,Responsibly,Occasionally,None,,Shop,New,Solitary,Extraverted,Self_Reliant,Process,"HS diploma completed,Vocational/trade school applying",,"Budgeting,Social,Job,Mental Health",Couch_Hopping,None,None,,Important,Homosexual,Male,Female,33.6761,-84.4514
Karen Kelly,Karen,Kelly,119 Old River Rd,Uvalda,Georgia,30473,9,,,,,,,,,,,,,,,,,,,,,,,,,,Female,32.0378,-82.5089
Kathleen Tate,Kathleen,Tate,308 8th St,Vienna,Georgia,31092,8,,,,,,,,,,,,,,,,,,,,,,,,,,Female,32.0915,-83.7963
Kathrine Matos,Kathrine,Matos,6110 Cedarcrest Rd Suite 110,Acworth,Georgia,30101,13,5/7/1993,28,Black/African American,None,Unimportant,Irresponsibly,Regularly,"Occasional marijuana,Occasional cigarettes",checked,Read/Walk,New,Adventurous,Introverted,Advice,React,"GED completed,College degree",,Resources,Independent,None,None,,Difficult,Bisexual,Female,Male,34.0628,-84.67
Kathy Tate,Kathy,Tate,112 W Shotwell St,Bainbridge,Georgia,39819,10,1/8/1993,29,Black/African American,None,Inclusive,Occasionally,Occasionally,None,,Shop,Pampered,Friendly,Extraverted,Advice,Withdraw,"HS diploma completed,Vocational/trade school attending",,"Medical,Resources,Social,Mental Health,Parenting,Holidays",Couch_Hopping,None,None,,Difficult,Heterosexual,Male,Male,30.9052,-84.5756
Kelly Garcia,Kelly,Garcia,1295 W Spring St Ste. 100,Smyrna,Georgia,30080,13,,,,,,,,,,,,,,,,,,,,,,,,,,Female,33.8802,-84.5126
Kenneth Bass,Kenneth,Bass,1525 E Union St,Vienna,Georgia,31092,8,,,,,,,,,,,,,,,,,,,,,,,,,,Male,32.0915,-83.7963
Kenneth Combs,Kenneth,Combs,1201_4 W 4th St,Adel,Georgia,31620,11,10/20/1992,29,Black/African American,Hinduism,Inclusive,Occasionally,None,Occasional marijuana,checked,Home,New,Friendly,Extraverted,Advice,Process,"HS diploma completed,College degree",,"Parenting,Job,Budgeting,Medical,Holidays",Homeless,None,None,,Difficult,Homosexual,Male,Male,31.1383,-83.4258
Kenneth Peay,Kenneth,Peay,,,,,,,,,,,,,,,,,,,,,,,,,,,,,,,Male,,
Kevin Gibson,Kevin,Gibson,6566 Hwy 53,Dawsonville,Georgia,30534,2,12/26/1992,29,,Other,Inclusive,None,Occasionally,"Occasional marijuana,Regular cigarettes",checked,Read/Walk,Nature,Friendly,Introverted,Advice,React,None,,"Social,Parenting",Friend/Family,Arrested,None,,None,Heterosexual,Male,Female,34.4167,-84.1167
Kevin Reed,Kevin,Reed,304 W Oglethorpe Hwy,Hinesville,Georgia,31313,12,4/13/1993,28,,Other,Inclusive,Addicted,None,None,,Movie/Play,Pampered,Friendly,Both,Advice,Reconcile,"GED completed,College degree",,"Resources,Budgeting,Holidays,Parenting,Job,Mental Health,Legal",Couch_Hopping,Current Probation,None,,None,Heterosexual,Male,Male,31.8325,-81.6117
Kevin Tiedemann,Kevin,Tiedemann,101 S Irwin Ave,Ocilla,Georgia,31774,11,,,,,,,,,,,,,,,,,,,,,,,,,,Male,31.5986,-83.25
Kimberly Davis,Kimberly,Davis,7274 Fielder Rd,Jonesboro,Georgia,30236,13,2/25/1993,28,Black/African American,Christianity,Inclusive,Irresponsibly,Occasionally,"Occasional marijuana,Occasional cigarettes",,Home,Nature,Friendly,Extraverted,Listen,Reconcile,"GED completed,Vocational/trade school attending",,"Budgeting,Parenting,Legal,Mental Health",College,"Jail,Current Probation","Caring for multiple,1 in kincare,1 in welfare",,Difficult,Homosexual,Other,Female,33.5244,-84.3542
Kristen Briley,Kristen,Briley,4400 Brownsville Rd Suite 102,Powder Springs,Georgia,30127,13,,,,,,,,,,,,,,,,,,,,,,,,,,Female,33.8658,-84.6803
Kristine Potts,Kristine,Potts,6469 Battlefield Pkwy,Ringgold,Georgia,30736,1,,,,,,,,,,,,,,,,,,,,,,,,,,Female,34.9157,-85.1094
Lahoma Cupples,Lahoma,Cupples,905 Market Pl Blvd Ste B,Cumming,Georgia,30041,2,6/15/1993,28,Black/African American,Spiritual,Inclusive,Irresponsibly,Occasionally,None,checked,Friends/Family,Event,Reserved,Introverted,Advice,Withdraw,"HS diploma in progress,Vocational/trade school attending",,"Holidays,Job,Parenting,Legal,Resources",Couch_Hopping,Arrested,None,,Important,Bisexual,Female,Female,34.2083,-84.1375
Lance Sanders,Lance,Sanders,3600 Piedmont Rd NE,Atlanta,Georgia,30305,14,2/3/1993,28,,Hinduism,Exclusive,Addicted,Occasionally,"Regular marijuana,Occasional cigarettes",,Shop,None,Friendly,Introverted,Advice,React,"GED completed,Vocational/trade school attending",,Resources,Friend/Family,"Current Probation,Arrested",None,,Important,Heterosexual,Male,Male,33.7485,-84.3915
Laura Cox,Laura,Cox,4230 Lawrenceville Hwy,Lilburn,Georgia,30047,13,1/5/1993,29,,Other,Unimportant,None,None,"Regular marijuana,Occasional cigarettes",,Friends/Family,Nature,Solitary,Introverted,Advice,Process,GED completed,,"Medical,Mental Health,Resources",Independent,None,None,,Important,Homosexual,Male,Other,33.8889,-84.1408
Laura Diaz,Laura,Diaz,3399 US_76,Hiawassee,Georgia,30546,2,5/7/1993,28,Unknown,Spiritual,Exclusive,Addicted,Regularly,Regular marijuana,checked,Home,Pampered,Solitary,Introverted,Advice,Process,"GED in progress,College applying",,"Resources,Parenting,Legal,Mental Health,Social",Independent,None,"Caring for multiple,Multiple in kincare,1 in welfare",,Important,Homosexual,Other,Male,34.9494,-83.755
Laura Milligan,Laura,Milligan,1375 Riverstone Pkwy,Canton,Georgia,30114,1,10/11/1992,29,Black/African American,None,Unimportant,Addicted,Regularly,None,checked,Movie/Play,Nature,Solitary,Extraverted,Self_Reliant,Process,None,,"Budgeting,Mental Health,Job",Couch_Hopping,"Current Probation,Jail",None,,None,Heterosexual,Other,Male,34.2272,-84.4947
Leann Retherford,Leann,Retherford,405 Peachtree Pkwy Suite 100,Cumming,Georgia,30041,2,5/2/1993,28,,Islam,Exclusive,None,Addicted,"Regular marijuana,Occasional cigarettes,Regular vape",,Movie/Play,None,Adventurous,Both,Listen,React,"GED completed,College attending",,"Parenting,Holidays,Budgeting,Job,Social",Independent,None,None,,None,Bisexual,Other,Other,34.2083,-84.1375
Leanna Stanley,Leanna,Stanley,,,,,,,,,,,,,,,,,,,,,,,,,,,,,,,Female,,
Leslie Pierce,Leslie,Pierce,1300 W Screven St,Quitman,Georgia,31643,11,,,,,,,,,,,,,,,,,,,,,,,,,,Male,30.7847,-83.5608
Lila Rivera,Lila,Rivera,559 Riverstone Pkwy Suite 100,Canton,Georgia,30114,1,10/9/1992,29,,Judaism,Exclusive,Irresponsibly,None,"Regular marijuana,Regular cigarettes,Occasional vape",,Movie/Play,Pampered,Reserved,Introverted,Listen,React,"HS diploma in progress,Vocational/trade school certified",,Budgeting,Friend/Family,Jail,None,,Difficult,Heterosexual,Male,Other,34.2272,-84.4947
Linda Brown,Linda,Brown,67 Roberts Way,Blue Ridge,Georgia,30513,1,5/31/1993,28,Hispanic/Latino (non_white),None,Inclusive,Addicted,Regularly,Occasional marijuana,checked,Movie/Play,Event,Shy,Introverted,Self_Reliant,Reconcile,None,checked,"Resources,Parenting,Medical,Holidays,Budgeting",Friend/Family,None,"Caring for 1,1 in kincare",,Important,Homosexual,Female,Female,34.8655,-84.3253
Linda Cook,Linda,Cook,113 E Union St,Vienna,Georgia,31092,8,,,,,,,,,,,,,,,,,,,,,,,,,,Female,32.0915,-83.7963
Linda Hedman,Linda,Hedman,713 N Davis St,Nashville,Georgia,31639,11,,,,,,,,,,,,,,,,,,,,,,,,,,Female,31.2069,-83.2467
Linda McManus,Linda,McManus,103 S Hutchinson Ave,Adel,Georgia,31620,11,10/1/1992,29,White,Other,Exclusive,Addicted,Occasionally,None,,Home,Pampered,Solitary,Both,Self_Reliant,Withdraw,"HS diploma in progress,College degree",,"Job,Budgeting,Holidays,Legal,Medical",Independent,None,None,,Difficult,Heterosexual,Female,Male,31.1383,-83.4258
Linda Porterfield,Linda,Porterfield,105 Harmony Crossing Ste 1,Eatonton,Georgia,31024,6,9/4/1993,28,,Spiritual,Exclusive,Addicted,None,None,,Read/Walk,Event,Solitary,Introverted,Listen,Reconcile,"HS diploma in progress,College applying",,"Legal,Job,Social,Mental Health,Parenting",Couch_Hopping,None,None,,Difficult,Homosexual,Female,Other,33.3264,-83.3878
Linda Powell,Linda,Powell,3305 Acworth Oaks Dr,Acworth,Georgia,30101,13,2/25/1993,28,White,Islam,Inclusive,Irresponsibly,Occasionally,"Occasional marijuana,Occasional cigarettes",,Movie/Play,Event,Shy,Introverted,Advice,Reconcile,GED completed,,Resources,Independent,None,None,,Important,Bisexual,Other,Male,34.0628,-84.67
Linda Ramirez,Linda,Ramirez,4880 Lawrenceville Hwy,Tucker,Georgia,30084,14,,,,,,,,,,,,,,,,,,,,,,,,,,Female,33.8537,-84.2146
Lisa Petterson,Lisa,Petterson,1806 Washington Rd,Thomson,Georgia,30824,7,,,,,,,,,,,,,,,,,,,,,,,,,,Female,33.4672,-82.4994
Lois Hickman,Lois,Hickman,249 Frontage Rd,Hartwell,Georgia,30643,2,10/7/1992,29,White,Hinduism,Unimportant,Addicted,Occasionally,"Occasional marijuana,Regular cigarettes,Occasional vape",,Read/Walk,None,Adventurous,Both,Advice,React,HS diploma completed,,"Parenting,Budgeting,Holidays",College,None,None,,Difficult,Heterosexual,Female,Female,34.3527,-82.9331
Lucas Hudson,Lucas,Hudson,7105 Avalon Blvd,Alpharetta,Georgia,30009,14,1/14/1993,29,Black/African American,Islam,Inclusive,Responsibly,None,"Occasional marijuana,Occasional cigarettes,Occasional vape",checked,Shop,None,Friendly,Both,Listen,Withdraw,GED completed,,"Resources,Parenting,Legal",Homeless,"Jail,Arrested",None,,Difficult,Heterosexual,Other,Female,34.0733,-84.2811
Lucille Rodriguez,Lucille,Rodriguez,477 Rome St,Carrollton,Georgia,30117,4,7/15/1993,28,,Buddhism,Unimportant,Responsibly,Regularly,"Occasional marijuana,Occasional cigarettes,Regular vape",,Friends/Family,Pampered,Solitary,Extraverted,Self_Reliant,Reconcile,"HS diploma in progress,Vocational/trade school certified",,"Parenting,Budgeting,Medical,Mental Health",Couch_Hopping,None,None,,None,Homosexual,Other,Male,33.5808,-85.0767
Lucy Quigley,Lucy,Quigley,2560 Whitesville Rd,LaGrange,Georgia,30240,4,10/10/1992,29,Black/African American,Islam,Unimportant,Irresponsibly,Occasionally,None,checked,Shop,Event,Friendly,Introverted,Advice,Process,"HS diploma in progress,Vocational/trade school certified",,"Budgeting,Legal,Resources,Job",Homeless,"Current Probation,Jail",None,,Difficult,Heterosexual,Female,Female,33.0367,-85.0319
Lupe Martin,Lupe,Martin,591 Battlefield Pkwy,Fort Oglethorpe,Georgia,30742,1,6/3/1993,28,Black/African American,Buddhism,Unimportant,Occasionally,Occasionally,Occasional marijuana,,Home,None,Shy,Extraverted,Listen,React,"GED in progress,Vocational/trade school applying",,Mental Health,Independent,Current Probation,None,,Difficult,Heterosexual,Female,Male,34.9456,-85.2456
Lydia Hale,Lydia,Hale,,,,,,,,,,,,,,,,,,,,,,,,,,,,,,,Female,,
Lydia Tann,Lydia,Tann,5796 Fairburn Rd,Douglasville,Georgia,30134,3,12/28/1992,29,,None,Inclusive,Responsibly,None,Occasional marijuana,,Friends/Family,None,Adventurous,Both,Advice,Withdraw,GED in progress,,"Medical,Parenting,Mental Health,Social,Job",College,None,"Caring for multiple,1 in kincare,Multiple in welfare,Pregnant",,Important,Homosexual,Male,Other,33.7522,-84.7407
Lynn Tejeda,Lynn,Tejeda,1133 Scenic Hwy S,Lawrenceville,Georgia,30045,13,4/24/1993,28,,Spiritual,Unimportant,Responsibly,None,None,checked,Movie/Play,Nature,Shy,Introverted,Advice,React,"GED completed,College applying",,"Job,Legal,Parenting,Holidays,Budgeting",College,None,None,,None,Heterosexual,Male,Other,33.9531,-83.9925
Madge Johnson,Madge,Johnson,3333 Buford Dr VA03,Buford,Georgia,30519,13,8/3/1993,28,,Other,Exclusive,Addicted,Regularly,"Regular marijuana,Regular cigarettes",checked,Movie/Play,Nature,Adventurous,Extraverted,Advice,Process,"GED completed,College degree",,"Resources,Medical,Budgeting",Independent,None,None,,Important,Homosexual,Female,Male,34.1169,-83.9986
Marc Wilson,Marc,Wilson,3286 Inner Perimeter Rd,Valdosta,Georgia,31602,11,,,,,,,,,,,,,,,,,,,,,,,,,,Male,30.8467,-83.2831
Marcie Rodriguez,Marcie,Rodriguez,3651 Dawson Forest Rd E,Dawsonville,Georgia,30534,2,6/19/1993,28,,Hinduism,Inclusive,Occasionally,Occasionally,None,,Shop,Nature,Solitary,Extraverted,Advice,Process,HS diploma in progress,,"Mental Health,Holidays,Budgeting,Medical,Social,Legal",College,Arrested,"Caring for multiple,1 in kincare,Multiple in welfare",,Important,Heterosexual,Male,Other,34.4167,-84.1167
Margaret Goldenberg,Margaret,Goldenberg,7794 Ella Ln # A,Fairburn,Georgia,30213,14,6/18/1993,28,,Judaism,Exclusive,Occasionally,Occasionally,None,checked,Friends/Family,Pampered,Solitary,Both,Self_Reliant,Process,"GED completed,Vocational/trade school certified",,"Social,Mental Health,Resources,Parenting",Couch_Hopping,None,None,,Important,Heterosexual,Female,Other,33.5625,-84.5814
Margaret Robinson,Margaret,Robinson,,,,,,,,,,,,,,,,,,,,,,,,,,,,,,,Female,,
Maria Walton,Maria,Walton,1339 Upper Big Springs Rd,LaGrange,Georgia,30241,4,12/14/1992,29,Unknown,Islam,Unimportant,Responsibly,None,Regular marijuana,,Movie/Play,Pampered,Friendly,Extraverted,Listen,Reconcile,GED in progress,,Mental Health,Homeless,None,None,,None,Homosexual,Male,Male,33.0367,-85.0319
Maria Zeman,Maria,Zeman,13200 W Cleveland St,Nahunta,Georgia,31553,11,,,,,,,,,,,,,,,,,,,,,,,,,,Female,31.2044,-81.9822
Marie Klaus,Marie,Klaus,4040 Gateway Blvd,Grovetown,Georgia,30813,7,11/1/1992,29,,Buddhism,Unimportant,Addicted,Regularly,"Occasional marijuana,Regular cigarettes,Occasional vape",,Read/Walk,Nature,Friendly,Introverted,Listen,Process,GED completed,,"Resources,Parenting,Medical,Job,Social,Legal",College,None,Caring for multiple,,Important,Bisexual,Female,Male,33.4494,-82.1969
Marie Muncy,Marie,Muncy,2505 Lyons Center Rd,Vidalia,Georgia,30474,9,,,,,,,,,,,,,,,,,,,,,,,,,,Female,32.2153,-82.41
Marilyn Daniel,Marilyn,Daniel,104 Washington St NW,Gainesville,Georgia,30501,2,1/8/1993,29,Black/African American,Buddhism,Inclusive,Occasionally,Occasionally,None,checked,Movie/Play,Event,Friendly,Both,Self_Reliant,Reconcile,"HS diploma in progress,Vocational/trade school certified",,"Parenting,Resources,Social,Mental Health",Program,None,"Caring for multiple,Multiple in kincare",,Important,Bisexual,Male,Female,34.3044,-83.8339
Mark Cullum,Mark,Cullum,3885 Mundy Mill Rd Suite 101,Oakwood,Georgia,30566,2,,,,,,,,,,,,,,,,,,,,,,,,,,Male,34.2312,-83.8701
Mark Haas,Mark,Haas,604 W 4th St,Adel,Georgia,31620,11,7/25/1993,28,White,Hinduism,Inclusive,None,Regularly,None,checked,Friends/Family,Event,Friendly,Extraverted,Advice,React,HS diploma in progress,,"Medical,Parenting",Friend/Family,Arrested,None,,Important,Bisexual,Female,Other,31.1383,-83.4258
Mark Maurer,Mark,Maurer,11175 Tara Blvd,Hampton,Georgia,30228,4,9/27/1992,29,,None,Unimportant,Responsibly,Regularly,None,checked,Shop,New,Solitary,Both,Listen,Withdraw,"HS diploma in progress,College attending",,"Parenting,Holidays,Resources",Couch_Hopping,None,None,,None,Bisexual,Other,Other,33.3834,-84.2833
Mark Morris,Mark,Morris,1311 Johnson Ferry Rd #504,Marietta,Georgia,30068,13,5/2/1993,28,,Hinduism,Unimportant,Responsibly,Addicted,None,,Friends/Family,None,Friendly,Introverted,Advice,Reconcile,GED completed,,"Medical,Resources,Job,Budgeting,Legal",Independent,"Jail,Arrested","Caring for multiple,1 in kincare",,Difficult,Homosexual,Other,Other,33.9523,-84.5491
Mark Thomas,Mark,Thomas,930 Howell Mill Rd NW,Atlanta,Georgia,30318,14,11/27/1992,29,White,Islam,Inclusive,Occasionally,Occasionally,"Occasional marijuana,Regular cigarettes,Occasional vape",,Home,New,Shy,Extraverted,Advice,Process,None,checked,Resources,Friend/Family,None,None,,None,Homosexual,Male,Other,33.7485,-84.3915
Martin Newcomer,Martin,Newcomer,520 N Main St,Hiawassee,Georgia,30546,2,5/30/1993,28,,Christianity,Unimportant,Occasionally,Addicted,None,checked,Shop,New,Reserved,Both,Self_Reliant,Reconcile,"HS diploma in progress,Vocational/trade school attending",,"Mental Health,Legal,Medical,Resources",Friend/Family,None,None,,Important,Heterosexual,Male,Female,34.9494,-83.755
Mary Foster,Mary,Foster,514 HWY 80 W,Garden City,Georgia,31408,12,6/13/1993,28,,Other,Inclusive,Irresponsibly,Occasionally,"Regular marijuana,Regular cigarettes",,Movie/Play,Nature,Adventurous,Both,Advice,React,"GED in progress,College degree",,"Social,Legal,Holidays",Friend/Family,Arrested,"Caring for 1,Multiple in kincare,1 in welfare",,Difficult,Heterosexual,Female,Male,32.1003,-81.165
Mary Gibson,Mary,Gibson,789 GA_36 Ste B,Jackson,Georgia,30233,4,3/12/1993,28,Unknown,Spiritual,Unimportant,Addicted,Addicted,None,,Movie/Play,Event,Adventurous,Introverted,Listen,Process,GED in progress,,"Legal,Resources,Parenting,Social,Holidays,Job,Medical",Program,None,None,,Important,Bisexual,Female,Other,33.2936,-83.9625
Mary Preston,Mary,Preston,2840 Atlanta Rd SE,Smyrna,Georgia,30080,13,,,,,,,,,,,,,,,,,,,,,,,,,,Female,33.8802,-84.5126
Mary Roberts,Mary,Roberts,1018 S Pierce St,Alma,Georgia,31510,11,7/8/1993,28,Black/African American,Hinduism,Inclusive,None,Regularly,None,,Read/Walk,Event,Adventurous,Introverted,Advice,Withdraw,"GED in progress,Vocational/trade school certified",,"Job,Legal,Parenting",Independent,None,None,,Difficult,Heterosexual,Other,Female,31.5417,-82.4667
Mary Urban,Mary,Urban,1010 Pointe S Pkwy,Jonesboro,Georgia,30238,13,3/3/1993,28,Unknown,Other,Inclusive,Irresponsibly,Regularly,None,,Movie/Play,Nature,Shy,Extraverted,Listen,Reconcile,"HS diploma in progress,College applying",,"Social,Resources",Program,"Current Probation,Jail",None,,Important,Bisexual,Male,Male,33.5244,-84.3542
Mary White,Mary,White,295 N Main St,Ellijay,Georgia,30540,1,1/15/1993,29,,Islam,Inclusive,Responsibly,Occasionally,None,,Movie/Play,Event,Reserved,Both,Advice,React,"HS diploma in progress,Vocational/trade school attending",,"Holidays,Social,Job,Legal,Budgeting",Couch_Hopping,"Jail,Current Probation",None,,Difficult,Homosexual,Other,Female,34.6947,-84.4836
Matt Edwards,Matt,Edwards,4705 Woodstock Rd,Roswell,Georgia,30075,14,,,,,,,,,,,,,,,,,,,,,,,,,,Male,34.0339,-84.3442
Matthew Moe,Matthew,Moe,151 N Jefferson St NE,Milledgeville,Georgia,31061,6,,,,,,,,,,,,,,,,,,,,,,,,,,Male,33.0878,-83.2333
Matthew Scruggs,Matthew,Scruggs,650 N Expy,Griffin,Georgia,30223,4,10/19/1992,29,Hispanic/Latino (non_white),Islam,Inclusive,Occasionally,Occasionally,Regular marijuana,,Read/Walk,None,Friendly,Extraverted,Advice,Reconcile,"GED in progress,Vocational/trade school attending",,"Parenting,Social,Medical,Mental Health,Legal,Holidays",Program,None,None,,None,Homosexual,Male,Other,33.2444,-84.2639
May Grieco,May,Grieco,9924 Davis St,Braselton,Georgia,30517,5,4/24/1993,28,Mixed Race,Christianity,Inclusive,Occasionally,None,None,,Home,Event,Friendly,Extraverted,Listen,Process,"HS diploma completed,Vocational/trade school attending",,Holidays,Couch_Hopping,Current Probation,None,,Difficult,Bisexual,Male,Male,34.107,-83.7624
Megan Mason,Megan,Mason,14 W 11th St,Columbus,Georgia,31901,8,9/27/1992,29,Black/African American,Hinduism,Exclusive,None,Addicted,None,,Movie/Play,New,Reserved,Extraverted,Listen,Process,"GED in progress,College degree",,"Mental Health,Holidays,Medical,Resources,Job",Program,"Jail,Arrested",None,,Important,Bisexual,Female,Other,32.4922,-84.9403
Mel Toney,Mel,Toney,120 General Lee Dr,Ringgold,Georgia,30736,1,,,,,,,,,,,,,,,,,,,,,,,,,,Male,34.9157,-85.1094
Melanie Sanders,Melanie,Sanders,102 Adamson Square,Carrollton,Georgia,30117,4,2/10/1993,28,,Spiritual,Exclusive,Responsibly,Addicted,None,,Friends/Family,Event,Reserved,Both,Listen,React,"GED in progress,College attending",,"Resources,Mental Health",Friend/Family,None,None,,Important,Heterosexual,Female,Female,33.5808,-85.0767
Melvina Rosol,Melvina,Rosol,,,,,,,,,,,,,,,,,,,,,,,,,,,,,,,Female,,
Michael Bannerman,Michael,Bannerman,3451 Cobb Pkwy NW #9,Acworth,Georgia,30101,13,3/21/1993,28,White,Islam,Unimportant,None,None,"Regular marijuana,Occasional cigarettes,Regular vape",checked,Home,Event,Friendly,Introverted,Advice,Withdraw,"GED completed,Vocational/trade school certified",,"Parenting,Job",Independent,None,Caring for multiple,,Important,Bisexual,Male,Other,34.0628,-84.67
Michael Berkley,Michael,Berkley,,,,,,,,,,,,,,,,,,,,,,,,,,,,,,,Male,,
Michael Carroll,Michael,Carroll,334 W Cherry St,Jesup,Georgia,31545,9,5/1/1993,28,White,Judaism,Exclusive,Irresponsibly,Addicted,"Regular marijuana,Occasional cigarettes",checked,Read/Walk,Event,Friendly,Extraverted,Listen,Reconcile,HS diploma completed,,"Legal,Job,Holidays",Couch_Hopping,"Arrested,Jail",None,,Important,Homosexual,Female,Male,31.6019,-81.885
Michael Dellinger,Michael,Dellinger,94 Jeff Davis Rd,Thomaston,Georgia,30286,4,,,,,,,,,,,,,,,,,,,,,,,,,,Male,32.8872,-84.3262
Michael Fagundes,Michael,Fagundes,2115 Smith Ave,Thomasville,Georgia,31792,10,,,,,,,,,,,,,,,,,,,,,,,,,,Male,30.8364,-83.9783
Michael Hodge,Michael,Hodge,4287 GA_20,Buford,Georgia,30518,13,10/2/1992,29,,Other,Exclusive,Addicted,Occasionally,None,,Friends/Family,Nature,Shy,Extraverted,Advice,Process,"HS diploma completed,Vocational/trade school applying",,"Mental Health,Budgeting,Social",Couch_Hopping,None,None,,Important,Homosexual,Male,Female,34.1169,-83.9986
Michael Hurst,Michael,Hurst,5592 Old Dixie Hwy,Forest Park,Georgia,30297,13,2/18/1993,28,,Other,Unimportant,Occasionally,Addicted,None,,Shop,New,Adventurous,Extraverted,Self_Reliant,Reconcile,"GED completed,College degree",,"Parenting,Job,Social",Couch_Hopping,"Current Probation,Jail",None,,None,Bisexual,Male,Female,33.6197,-84.3658
Michael Muniz,Michael,Muniz,5635 Jimmy Carter Blvd,Norcross,Georgia,30071,13,,,,,,,,,,,,,,,,,,,,,,,,,,Male,33.9419,-84.2122
Michael Sosa,Michael,Sosa,47 Mountainside Village Pkwy,Jasper,Georgia,30143,1,12/6/1992,29,Black/African American,None,Inclusive,Addicted,None,"Occasional marijuana,Regular cigarettes",,Home,None,Reserved,Introverted,Advice,Withdraw,None,checked,"Legal,Parenting,Job,Medical",Program,None,None,,Difficult,Heterosexual,Female,Female,34.4692,-84.4342
Micheal Moriarty,Micheal,Moriarty,1010 Hospitality Dr,Greensboro,Georgia,30642,5,10/27/1992,29,,Hinduism,Unimportant,Addicted,Regularly,None,checked,Home,Event,Shy,Introverted,Self_Reliant,Process,GED in progress,,"Social,Medical,Parenting,Holidays,Mental Health,Legal,Resources",Program,None,Caring for 1,,Important,Bisexual,Female,Other,33.5759,-83.1826
Michele Brown,Michele,Brown,3300 Cobb Pkwy SE Unit 208,Atlanta,Georgia,30339,13,5/1/1993,28,,Hinduism,Exclusive,Occasionally,Occasionally,None,checked,Shop,None,Solitary,Introverted,Self_Reliant,Reconcile,GED completed,,"Mental Health,Resources",Couch_Hopping,None,Caring for 1,,Difficult,Heterosexual,Female,Female,33.7485,-84.3915
Michele Lambert,Michele,Lambert,4802 Augusta Rd,Garden City,Georgia,31408,12,4/14/1993,28,White,Buddhism,Inclusive,Addicted,None,None,,Home,Nature,Shy,Both,Self_Reliant,Process,HS diploma completed,,"Budgeting,Legal,Medical",Independent,None,None,,Difficult,Heterosexual,Other,Other,32.1003,-81.165
Michele Thomas,Michele,Thomas,1428 Sam Nunn Blvd,Perry,Georgia,31069,6,,,,,,,,,,,,,,,,,,,,,,,,,,Female,32.4594,-83.7325
Michelle Lofton,Michelle,Lofton,812 Oak St,Eatonton,Georgia,31024,6,9/23/1992,29,,Other,Inclusive,Responsibly,Occasionally,"Occasional marijuana,Occasional cigarettes,Occasional vape",,Movie/Play,None,Solitary,Extraverted,Self_Reliant,Process,"HS diploma in progress,Vocational/trade school certified",,"Resources,Mental Health",Program,None,None,,Important,Bisexual,Male,Female,33.3264,-83.3878
Mike Joyner,Mike,Joyner,,,,,,,,,,,,,,,,,,,,,,,,,,,,,,,Male,,
Mildred Duncan,Mildred,Duncan,415 Bullsboro Dr,Newnan,Georgia,30263,4,,,,,,,,,,,,,,,,,,,,,,,,,,Female,33.3764,-84.7886
Mildred Mendoza,Mildred,Mendoza,1667 Atlanta Hwy NW,Auburn,Georgia,30011,5,7/3/1993,28,Black/African American,Spiritual,Unimportant,None,Addicted,None,checked,Movie/Play,Nature,Reserved,Extraverted,Advice,Process,None,,"Social,Medical,Job",Homeless,None,None,,None,Homosexual,Female,Other,34.0167,-83.8319
Mildred Pepin,Mildred,Pepin,1028 Benson St,Hartwell,Georgia,30643,2,6/3/1993,28,Unknown,Islam,Unimportant,Addicted,Regularly,None,,Read/Walk,None,Solitary,Extraverted,Advice,Reconcile,"GED in progress,Vocational/trade school certified",,"Mental Health,Social,Legal,Job",Couch_Hopping,None,None,,None,Bisexual,Male,Female,34.3527,-82.9331
Miles Jenkins,Miles,Jenkins,,,,,,,,,,,,,,,,,,,,,,,,,,,,,,,Male,,
Misty Leibowitz,Misty,Leibowitz,217 US_80,Pooler,Georgia,31322,12,,,,,,,,,,,,,,,,,,,,,,,,,,Female,32.1047,-81.2533
Monica Dibella,Monica,Dibella,10089 GA_88,Avera,Georgia,30803,7,3/9/1993,28,Black/African American,Islam,Inclusive,Occasionally,Addicted,None,checked,Friends/Family,New,Reserved,Introverted,Advice,Reconcile,"GED in progress,College degree",,"Mental Health,Medical,Holidays,Job,Resources,Legal",Homeless,None,None,,Important,Heterosexual,Male,Male,33.194,-82.5275
Mose Buck,Mose,Buck,3148 Glenwood Rd,Decatur,Georgia,30032,14,5/19/1993,28,,Buddhism,Exclusive,None,None,None,checked,Home,New,Shy,Both,Self_Reliant,React,GED completed,,Legal,Homeless,None,"Caring for 1,1 in kincare,Multiple in welfare",,Important,Bisexual,Other,Male,33.7714,-84.2978
Murray Harwood,Murray,Harwood,306 E 2nd St,Vidalia,Georgia,30474,9,,,,,,,,,,,,,,,,,,,,,,,,,,Male,32.2153,-82.41
Myron Backman,Myron,Backman,3230 Steve Reynolds Blvd #108,Duluth,Georgia,30096,13,7/6/1993,28,,Christianity,Exclusive,Irresponsibly,Occasionally,"Regular marijuana,Occasional cigarettes",checked,Friends/Family,None,Shy,Both,Listen,Process,GED in progress,,"Holidays,Parenting,Legal,Medical",Independent,None,"Caring for 1,1 in kincare,Multiple in welfare",,Difficult,Bisexual,Male,Other,34.0031,-84.1456
Nancy Eaves,Nancy,Eaves,2204 Chattanooga Rd,Dalton,Georgia,30720,1,6/15/1993,28,,Judaism,Unimportant,Irresponsibly,Regularly,"Occasional marijuana,Regular cigarettes,Regular vape",checked,Read/Walk,Event,Adventurous,Extraverted,Self_Reliant,Process,HS diploma in progress,,"Parenting,Budgeting,Mental Health,Legal",Program,None,None,,Important,Heterosexual,Other,Female,34.7715,-84.9718
Natalie Gordon,Natalie,Gordon,1505 W Fourth St,Adel,Georgia,31620,11,12/1/1992,29,,Christianity,Unimportant,None,None,"Regular marijuana,Occasional cigarettes,Occasional vape",,Home,New,Solitary,Extraverted,Advice,Process,GED completed,,"Social,Resources,Legal",Program,None,None,,None,Homosexual,Female,Female,31.1383,-83.4258
Noelia Phelps,Noelia,Phelps,1175 Franklin Rd,Marietta,Georgia,30067,13,1/28/1993,29,,Hinduism,Inclusive,Responsibly,Addicted,None,checked,Movie/Play,Event,Adventurous,Introverted,Advice,Reconcile,"HS diploma completed,Vocational/trade school applying",,"Holidays,Budgeting,Parenting",Independent,None,None,,Difficult,Homosexual,Other,Male,33.9523,-84.5491
Olivia Wood,Olivia,Wood,6600 GA_85,Riverdale,Georgia,30274,13,,,,,,,,,,,,,,,,,,,,,,,,,,Female,33.5726,-84.4125
Pamela Cleghorn,Pamela,Cleghorn,540 Atlanta Hwy,Loganville,Georgia,30052,5,4/15/1993,28,,Judaism,Unimportant,None,None,None,,Movie/Play,New,Reserved,Introverted,Self_Reliant,Process,"GED in progress,Vocational/trade school certified",,"Job,Mental Health",College,None,None,,Important,Heterosexual,Female,Female,33.8389,-83.8981
Patricia Eady,Patricia,Eady,5077 Jimmy Lee Smith Pkwy #101,Hiram,Georgia,30141,3,1/19/1993,29,,Christianity,Exclusive,Addicted,Regularly,None,checked,Home,Nature,Solitary,Extraverted,Listen,Process,"HS diploma in progress,Vocational/trade school attending",,"Mental Health,Medical,Resources,Social,Parenting",Independent,None,"Caring for 1,Multiple in kincare,1 in welfare,Pregnant",,None,Heterosexual,Male,Other,33.8778,-84.7615
Patricia Hurt,Patricia,Hurt,116 N Belair Rd,Evans,Georgia,30809,7,9/7/1993,28,,Other,Exclusive,Addicted,Regularly,"Regular marijuana,Occasional cigarettes",,Shop,None,Shy,Both,Self_Reliant,React,HS diploma in progress,,"Resources,Holidays",College,None,None,,Difficult,Bisexual,Male,Female,33.5334,-82.1303
Patrick Conklin,Patrick,Conklin,1629 Tift Ave N,Tifton,Georgia,31794,11,,,,,,,,,,,,,,,,,,,,,,,,,,Male,31.4633,-83.51
Patrick Robson,Patrick,Robson,,,,,,,,,,,,,,,,,,,,,,,,,,,,,,,Male,,
Paul Harriman,Paul,Harriman,3626 Mundy Mill Rd,Gainesville,Georgia,30504,2,8/8/1993,28,White,Judaism,Inclusive,Addicted,Occasionally,Occasional marijuana,checked,Shop,Nature,Solitary,Both,Self_Reliant,Withdraw,HS diploma in progress,,"Parenting,Job,Holidays,Budgeting,Resources,Mental Health",Independent,None,Caring for 1,,Important,Bisexual,Other,Male,34.3044,-83.8339
Pedro Armstrong,Pedro,Armstrong,85 Commerce Dr,Villa Rica,Georgia,30180,4,,,,,,,,,,,,,,,,,,,,,,,,,,Male,33.7319,-84.92
Philip McDowell,Philip,McDowell,4790 Jonesboro Rd,Union City,Georgia,30291,14,,,,,,,,,,,,,,,,,,,,,,,,,,Male,33.5783,-84.5433
Phillip Stinson,Phillip,Stinson,4006 Lavista Rd,Tucker,Georgia,30084,14,,,,,,,,,,,,,,,,,,,,,,,,,,Male,33.8537,-84.2146
Phyllis Cardenas,Phyllis,Cardenas,790 Glynn St S ste a,Fayetteville,Georgia,30214,4,11/16/1992,29,,None,Unimportant,Addicted,Addicted,None,,Shop,None,Reserved,Both,Advice,React,GED in progress,,"Legal,Social,Resources,Job,Mental Health,Parenting",Couch_Hopping,None,None,,None,Bisexual,Other,Male,33.4478,-84.4617
Preston Gray,Preston,Gray,603 Short E St,Thomaston,Georgia,30286,4,,,,,,,,,,,,,,,,,,,,,,,,,,Male,32.8872,-84.3262
Rachael Fulcher,Rachael,Fulcher,103 Nora Blvd,Adrian,Georgia,31002,9,3/3/1993,28,,Judaism,Exclusive,Occasionally,Addicted,"Occasional marijuana,Occasional cigarettes",checked,Read/Walk,New,Adventurous,Both,Listen,Withdraw,"HS diploma in progress,Vocational/trade school certified",,"Medical,Budgeting,Social",Program,None,None,,Difficult,Bisexual,Male,Other,32.5313,-82.5943
Rafael Simon,Rafael,Simon,,,,,,,,,,,,,,,,,,,,,,,,,,,,,,,Male,,
Ralph Cooper,Ralph,Cooper,5140 S Cobb Dr SE,Smyrna,Georgia,30082,13,,,,,,,,,,,,,,,,,,,,,,,,,,Male,33.8802,-84.5126
Randall Vanhoose,Randall,Vanhoose,240 Peachtree St,Atlanta,Georgia,30303,14,4/14/1993,28,Black/African American,Other,Unimportant,Addicted,None,None,,Movie/Play,Pampered,Shy,Introverted,Listen,Process,HS diploma in progress,,"Medical,Resources,Legal,Social,Budgeting,Parenting",Couch_Hopping,None,None,,Important,Bisexual,Other,Male,33.7485,-84.3915
Randy Miles,Randy,Miles,,,,,,,,,,,,,,,,,,,,,,,,,,,,,,,Male,,
Ray Calvin,Ray,Calvin,,,,,,,,,,,,,,,,,,,,,,,,,,,,,,,Female,,
Ray Jack,Ray,Jack,1204 Crawford St,Americus,Georgia,31709,8,11/2/1992,29,,Spiritual,Inclusive,Irresponsibly,Addicted,None,,Read/Walk,Nature,Solitary,Extraverted,Listen,Process,HS diploma completed,,Holidays,Program,None,None,,Important,Heterosexual,Male,Other,32.0753,-84.2267
Reba Morrow,Reba,Morrow,440 Pleasant Hill Rd,Lilburn,Georgia,30047,13,2/8/1993,28,,None,Exclusive,Occasionally,Regularly,None,,Movie/Play,Nature,Reserved,Extraverted,Listen,Withdraw,GED completed,,Budgeting,Friend/Family,None,None,,Difficult,Homosexual,Other,Female,33.8889,-84.1408
Reginald Wallace,Reginald,Wallace,1654 Atlanta Hwy NW Ste 110,Auburn,Georgia,30011,5,1/5/1993,29,,Hinduism,Inclusive,Occasionally,Addicted,"Occasional marijuana,Regular cigarettes,Regular vape",,Friends/Family,New,Solitary,Both,Listen,Process,"HS diploma in progress,Vocational/trade school attending",,"Parenting,Budgeting",Homeless,"Jail,Current Probation",None,,Important,Heterosexual,Male,Male,34.0167,-83.8319
Reuben Nissen,Reuben,Nissen,3050 Five Forks Trickum Rd SW Ste 110,Lilburn,Georgia,30047,13,6/28/1993,28,,Buddhism,Exclusive,None,Regularly,"Regular marijuana,Occasional cigarettes",checked,Movie/Play,Pampered,Solitary,Introverted,Listen,Reconcile,"GED completed,College applying",,"Budgeting,Social,Medical,Parenting,Legal",Friend/Family,None,None,,Difficult,Heterosexual,Male,Female,33.8889,-84.1408
Richard Carter,Richard,Carter,2542 Battlefield Pkwy,Fort Oglethorpe,Georgia,30742,1,3/16/1993,28,White,Buddhism,Exclusive,Responsibly,Addicted,None,,Read/Walk,Nature,Reserved,Introverted,Self_Reliant,Withdraw,"GED in progress,Vocational/trade school attending",,"Medical,Mental Health,Job",Program,None,None,,None,Homosexual,Female,Female,34.9456,-85.2456
Richard Jack,Richard,Jack,2450 Perry Lane Rd,Brunswick,Georgia,31525,12,10/17/1992,29,,Christianity,Exclusive,Irresponsibly,Addicted,None,,Shop,Event,Reserved,Introverted,Advice,Reconcile,None,checked,"Social,Mental Health,Resources",Homeless,None,None,,Important,Homosexual,Other,Male,31.169,-81.5025
Richard Mayorga,Richard,Mayorga,5074 US_78,Stone Mountain,Georgia,30087,14,,,,,,,,,,,,,,,,,,,,,,,,,,Male,33.8053,-84.1714
Richard Mercado,Richard,Mercado,1572 GA_85 Suite 312,Fayetteville,Georgia,30214,4,3/1/1993,28,,Islam,Inclusive,None,None,None,,Movie/Play,Pampered,Friendly,Both,Advice,React,GED in progress,,"Budgeting,Parenting",College,None,None,,None,Bisexual,Male,Female,33.4478,-84.4617
Richard Petterson,Richard,Petterson,2219 Battlefield Pkwy,Fort Oglethorpe,Georgia,30742,1,12/19/1992,29,White,None,Exclusive,Irresponsibly,Addicted,"Occasional marijuana,Regular cigarettes",checked,Home,Nature,Friendly,Introverted,Self_Reliant,Withdraw,"GED in progress,Vocational/trade school certified",,"Social,Mental Health,Parenting,Legal,Medical,Resources",Friend/Family,None,None,,None,Homosexual,Other,Female,34.9456,-85.2456
Richard Williams,Richard,Williams,,,,,,,,,,,,,,,,,,,,,,,,,,,,,,,Male,,
Rick Bustamante,Rick,Bustamante,9148 Dr M L King Jr Ave,Covington,Georgia,30014,5,1/14/1993,29,White,Christianity,Unimportant,None,Regularly,"Occasional marijuana,Regular cigarettes,Occasional vape",checked,Movie/Play,Nature,Shy,Extraverted,Advice,React,"HS diploma in progress,College attending",,"Budgeting,Holidays",Couch_Hopping,Jail,None,,Important,Homosexual,Other,Male,33.6,-83.8667
Rickey Shick,Rickey,Shick,4495 Jonesboro Rd,Forest Park,Georgia,30297,13,4/22/1993,28,,Buddhism,Inclusive,None,Occasionally,None,checked,Friends/Family,Pampered,Friendly,Extraverted,Advice,Process,"HS diploma completed,College degree",,"Legal,Parenting,Job,Budgeting,Holidays",Program,None,None,,None,Bisexual,Female,Other,33.6197,-84.3658
Robert Henderson,Robert,Henderson,1248 Washington St,Jefferson,Georgia,30549,5,5/25/1993,28,Black/African American,Buddhism,Exclusive,Irresponsibly,Occasionally,Occasional marijuana,checked,Home,Pampered,Friendly,Both,Advice,Withdraw,GED in progress,,"Legal,Holidays,Budgeting",Independent,Current Probation,None,,Difficult,Homosexual,Male,Other,34.1175,-83.5734
Robert Metts,Robert,Metts,623 W Oglethorpe Hwy,Hinesville,Georgia,31313,12,9/27/1992,29,,None,Inclusive,Responsibly,None,None,,Movie/Play,New,Shy,Introverted,Self_Reliant,Reconcile,GED completed,,Parenting,Program,"Current Probation,Jail",None,,Difficult,Heterosexual,Male,Female,31.8325,-81.6117
Robert Troyer,Robert,Troyer,1240 Georgia 54 W #201,Fayetteville,Georgia,30214,4,1/28/1993,29,,Spiritual,Exclusive,Irresponsibly,Regularly,None,,Movie/Play,Event,Solitary,Both,Self_Reliant,Process,GED completed,,"Parenting,Resources,Job,Social,Legal,Budgeting",Independent,None,None,,None,Homosexual,Female,Female,33.4478,-84.4617
Roberto Nelson,Roberto,Nelson,Keys Ferry St,McDonough,Georgia,30253,4,4/8/1993,28,,Other,Unimportant,None,None,None,checked,Shop,Event,Reserved,Extraverted,Advice,Withdraw,"GED completed,Vocational/trade school attending",,"Job,Holidays,Parenting,Mental Health",College,None,Caring for 1,,None,Bisexual,Other,Female,33.447,-84.1464
Roger Collins,Roger,Collins,1350 Spring St NW #1,Atlanta,Georgia,30309,14,5/14/1993,28,White,Other,Inclusive,None,Regularly,"Occasional marijuana,Occasional cigarettes",checked,Friends/Family,Event,Adventurous,Both,Advice,Withdraw,HS diploma completed,,"Holidays,Mental Health,Social,Job",Program,None,None,,None,Homosexual,Other,Male,33.7485,-84.3915
Roger Stiles,Roger,Stiles,2171 Peachtree Rd UNIT 100,Atlanta,Georgia,30309,14,10/27/1992,29,Black/African American,Islam,Inclusive,Responsibly,None,None,,Read/Walk,Nature,Shy,Both,Listen,Withdraw,"GED completed,Vocational/trade school applying",,"Job,Resources,Mental Health,Budgeting,Medical",College,None,Caring for multiple,,None,Bisexual,Other,Female,33.7485,-84.3915
Romeo Stacey,Romeo,Stacey,2505 Antioch Rd,Dalton,Georgia,30721,1,2/7/1993,28,,None,Inclusive,Addicted,Occasionally,None,,Friends/Family,Pampered,Adventurous,Extraverted,Self_Reliant,Reconcile,"HS diploma in progress,College attending",,Budgeting,College,None,None,,Difficult,Bisexual,Female,Male,34.7715,-84.9718
Ronald Dukes,Ronald,Dukes,1378 Boone Ave,Kingsland,Georgia,31548,12,12/14/1992,29,Black/African American,Islam,Inclusive,Irresponsibly,Regularly,None,checked,Shop,New,Friendly,Introverted,Listen,Withdraw,None,,"Mental Health,Legal,Medical,Social,Job",College,None,None,,Important,Homosexual,Female,Other,30.7947,-81.6717
Ronald Young,Ronald,Young,5141 Jonesboro Rd,Morrow,Georgia,30260,13,,,,,,,,,,,,,,,,,,,,,,,,,,Male,33.5786,-84.34
Rosalie Glover,Rosalie,Glover,530 Bankhead Hwy,Carrollton,Georgia,30117,4,4/18/1993,28,,Spiritual,Unimportant,Irresponsibly,Occasionally,None,,Movie/Play,New,Solitary,Extraverted,Listen,React,None,checked,Medical,Homeless,None,None,,None,Bisexual,Other,Male,33.5808,-85.0767
Rosalyn Collins,Rosalyn,Collins,124 N Avondale Rd,Avondale Estates,Georgia,30002,14,1/22/1993,29,Black/African American,Buddhism,Exclusive,Responsibly,Occasionally,None,,Friends/Family,Event,Shy,Introverted,Self_Reliant,React,"GED in progress,College applying",,"Medical,Budgeting,Mental Health,Social",Friend/Family,None,None,,None,Bisexual,Male,Female,33.7708,-84.265
Rose Gonzales,Rose,Gonzales,115 W Park Ave,Abbeville,Georgia,31001,9,2/24/1993,28,Black/African American,None,Inclusive,None,Addicted,"Regular marijuana,Regular cigarettes,Regular vape",,Home,New,Reserved,Extraverted,Self_Reliant,Process,HS diploma in progress,,"Budgeting,Social,Parenting,Legal,Job",Couch_Hopping,None,None,,None,Homosexual,Male,Male,31.9917,-83.3075
Rosia Vaughn,Rosia,Vaughn,4437 Cowan Rd,Tucker,Georgia,30084,14,,,,,,,,,,,,,,,,,,,,,,,,,,Female,33.8537,-84.2146
Roy Evans,Roy,Evans,2151 Fort Benning Rd,Columbus,Georgia,31903,8,1/5/1993,29,White,Buddhism,Exclusive,Addicted,None,None,checked,Friends/Family,Nature,Reserved,Extraverted,Self_Reliant,Reconcile,None,checked,"Job,Social,Medical,Resources,Parenting",Independent,None,None,,None,Heterosexual,Female,Other,32.4922,-84.9403
Ruby Sato,Ruby,Sato,701 E Screven St,Quitman,Georgia,31643,11,,,,,,,,,,,,,,,,,,,,,,,,,,Female,30.7847,-83.5608
Russel Giles,Russel,Giles,36 Canal Rd,Brunswick,Georgia,31525,12,4/15/1993,28,,Christianity,Exclusive,Occasionally,None,None,checked,Movie/Play,Pampered,Reserved,Both,Advice,Process,GED in progress,,"Legal,Holidays,Resources,Medical,Budgeting",College,None,None,,Difficult,Heterosexual,Male,Female,31.169,-81.5025
Ryan Lamson,Ryan,Lamson,,,,,,,,,,,,,,,,,,,,,,,,,,,,,,,Male,,
Samantha Cheatham,Samantha,Cheatham,1440 Remington Ave,Thomasville,Georgia,31792,10,,,,,,,,,,,,,,,,,,,,,,,,,,Female,30.8364,-83.9783
Sandra Davis,Sandra,Davis,7807 Nashville St,Ringgold,Georgia,30736,1,,,,,,,,,,,,,,,,,,,,,,,,,,Female,34.9157,-85.1094
Sandra Sherman,Sandra,Sherman,206 Tripp St,Americus,Georgia,31709,8,7/23/1993,28,Black/African American,Islam,Unimportant,Occasionally,Occasionally,None,,Movie/Play,Pampered,Adventurous,Introverted,Advice,Withdraw,HS diploma completed,,"Parenting,Budgeting",Couch_Hopping,None,None,,Difficult,Bisexual,Other,Female,32.0753,-84.2267
Sara Adkins,Sara,Adkins,6193 US_278,Covington,Georgia,30014,5,7/20/1993,28,Black/African American,Hinduism,Unimportant,Irresponsibly,Regularly,None,checked,Read/Walk,Event,Adventurous,Extraverted,Advice,Withdraw,"GED in progress,College applying",,"Holidays,Resources,Parenting,Job,Social,Mental Health",Friend/Family,None,Caring for multiple,,None,Homosexual,Other,Female,33.6,-83.8667
Sara Palacios,Sara,Palacios,111 Sumter St,Oglethorpe,Georgia,31068,8,,,,,,,,,,,,,,,,,,,,,,,,,,Female,32.2933,-84.0625
Sarah Wilson,Sarah,Wilson,744 Noah Dr,Jasper,Georgia,30143,1,10/14/1992,29,Hispanic/Latino (non_white),Islam,Unimportant,Irresponsibly,None,"Occasional marijuana,Occasional cigarettes,Regular vape",,Friends/Family,Event,Shy,Both,Self_Reliant,Reconcile,HS diploma completed,,Mental Health,Independent,None,None,,Important,Homosexual,Male,Male,34.4692,-84.4342
Scott Richie,Scott,Richie,135 N Main St,Nahunta,Georgia,31553,11,,,,,,,,,,,,,,,,,,,,,,,,,,Male,31.2044,-81.9822
Shannon Gaughan,Shannon,Gaughan,232 W Hancock Ave,Athens,Georgia,30601,5,1/21/1993,29,Unknown,Islam,Unimportant,Irresponsibly,Occasionally,None,,Movie/Play,Nature,Shy,Both,Listen,React,HS diploma in progress,,"Parenting,Budgeting",Friend/Family,None,None,,Important,Homosexual,Female,Male,33.95,-83.3833
Shanon Summer,Shanon,Summer,2957 Main St,East Point,Georgia,30344,14,11/1/1992,29,,Judaism,Exclusive,Irresponsibly,Addicted,"Occasional marijuana,Regular cigarettes",checked,Home,None,Solitary,Introverted,Self_Reliant,Reconcile,"GED in progress,Vocational/trade school certified",,Resources,Homeless,None,None,,Difficult,Bisexual,Female,Female,33.6761,-84.4514
Sharon Jefferson,Sharon,Jefferson,,,,,,,,,,,,,,,,,,,,,,,,,,,,,,,Female,,
Shelly Summerville,Shelly,Summerville,602 Fair Rd,Statesboro,Georgia,30458,12,,,,,,,,,,,,,,,,,,,,,,,,,,Female,32.4453,-81.7792
Sherry Glancy,Sherry,Glancy,,,,,,,,,,,,,,,,,,,,,,,,,,,,,,,Female,,
Stacy Wilks,Stacy,Wilks,510 Lakeland Plaza,Cumming,Georgia,30040,2,5/25/1993,28,White,None,Unimportant,Irresponsibly,Regularly,None,,Friends/Family,Event,Solitary,Extraverted,Advice,Withdraw,"GED in progress,College attending",,"Holidays,Medical,Resources,Budgeting",College,None,None,,Important,Homosexual,Other,Male,34.2083,-84.1375
Stephanie Abdul,Stephanie,Abdul,101 Princeton Blvd,Adairsville,Georgia,30103,3,9/12/1992,29,White,Christianity,Unimportant,Occasionally,Addicted,None,,Home,Event,Friendly,Introverted,Advice,Process,"GED in progress,College attending",,"Parenting,Mental Health,Legal,Social,Medical,Job,Holidays",Independent,None,None,,Important,Heterosexual,Female,Other,34.3698,-84.9277
Stephanie Allen,Stephanie,Allen,2700 Dawson Rd STE 14,Albany,Georgia,31707,10,11/8/1992,29,Black/African American,Christianity,Unimportant,Occasionally,Regularly,None,checked,Shop,Event,Friendly,Introverted,Self_Reliant,React,None,checked,"Mental Health,Holidays,Medical,Job,Legal",Independent,None,"Caring for multiple,1 in kincare,Multiple in welfare",,Difficult,Heterosexual,Female,Female,31.5785,-84.1559
Stephen Henry,Stephen,Henry,625 Jefferson St,LaGrange,Georgia,30240,4,10/26/1992,29,White,Hinduism,Exclusive,Addicted,Addicted,"Occasional marijuana,Regular cigarettes,Regular vape",checked,Home,Nature,Solitary,Both,Advice,Reconcile,GED completed,,Budgeting,Homeless,None,None,,Difficult,Heterosexual,Male,Other,33.0367,-85.0319
Stephen Leblanc,Stephen,Leblanc,,,,,,,,,,,,,,,,,,,,,,,,,,,,,,,Male,,
Susan Clark,Susan,Clark,11386 Tara Blvd,Hampton,Georgia,30228,4,10/22/1992,29,,Christianity,Inclusive,Responsibly,Addicted,None,checked,Shop,New,Reserved,Extraverted,Advice,React,HS diploma completed,,"Parenting,Budgeting,Job,Resources,Social,Holidays,Medical",Friend/Family,None,None,,None,Bisexual,Male,Female,33.3834,-84.2833
Susan Gonzales,Susan,Gonzales,514 S Main St,Statesboro,Georgia,30458,12,,,,,,,,,,,,,,,,,,,,,,,,,,Female,32.4453,-81.7792
Tammie Amaya,Tammie,Amaya,106 E Main St,Alamo,Georgia,30411,9,12/2/1992,29,Mixed Race,Hinduism,Inclusive,Occasionally,Regularly,None,checked,Home,None,Shy,Extraverted,Listen,Reconcile,None,,Holidays,Homeless,None,None,,Important,Heterosexual,Female,Male,32.1483,-82.7786
Teri Bush,Teri,Bush,1618 N Expy,Griffin,Georgia,30223,4,8/12/1993,28,,Spiritual,Exclusive,Irresponsibly,Occasionally,Regular marijuana,checked,Friends/Family,Pampered,Reserved,Introverted,Advice,React,HS diploma in progress,,"Social,Parenting",Couch_Hopping,None,None,,Difficult,Bisexual,Female,Female,33.2444,-84.2639
Teri Marsden,Teri,Marsden,4550 Jonesboro Rd,Union City,Georgia,30291,14,,,,,,,,,,,,,,,,,,,,,,,,,,Female,33.5783,-84.5433
Terri Olson,Terri,Olson,3850 Roswell Rd NE #100,Atlanta,Georgia,30342,14,12/31/1992,29,Black/African American,Christianity,Exclusive,Addicted,Occasionally,None,,Read/Walk,Event,Friendly,Both,Listen,React,GED completed,,"Job,Mental Health,Medical,Holidays",Friend/Family,None,None,,None,Heterosexual,Other,Male,33.7485,-84.3915
Terry Willis,Terry,Willis,2700 Lawrenceville_Suwanee Rd,Suwanee,Georgia,30024,13,,,,,,,,,,,,,,,,,,,,,,,,,,Male,34.0575,-84.0666
Theresa Peters,Theresa,Peters,3360 Satellite Blvd #8,Duluth,Georgia,30096,13,3/9/1993,28,,Hinduism,Exclusive,Occasionally,Addicted,None,,Movie/Play,Pampered,Reserved,Extraverted,Self_Reliant,Reconcile,HS diploma in progress,,"Budgeting,Holidays",Friend/Family,None,None,,None,Heterosexual,Male,Other,34.0031,-84.1456
Therese Lemaire,Therese,Lemaire,1389 US_29,Newnan,Georgia,30263,4,,,,,,,,,,,,,,,,,,,,,,,,,,Female,33.3764,-84.7886
Thomas Kramer,Thomas,Kramer,107 E Church St,Andersonville,Georgia,31711,8,11/27/1992,29,White,Other,Inclusive,Occasionally,None,"Regular marijuana,Regular cigarettes,Regular vape",,Friends/Family,Event,Adventurous,Introverted,Listen,Reconcile,"HS diploma completed,Vocational/trade school certified",,"Medical,Holidays,Legal,Job,Parenting",Friend/Family,None,None,,Difficult,Homosexual,Male,Female,32.1969,-84.1417
Thomas Munn,Thomas,Munn,82 GA_61,Villa Rica,Georgia,30180,4,,,,,,,,,,,,,,,,,,,,,,,,,,Male,33.7319,-84.92
Thomas Olsen,Thomas,Olsen,5004 Appalachian Hwy #1,Blue Ridge,Georgia,30513,1,2/19/1993,28,Black/African American,Hinduism,Exclusive,Responsibly,Regularly,None,checked,Read/Walk,None,Shy,Both,Advice,Withdraw,HS diploma completed,,"Parenting,Social,Mental Health,Budgeting,Legal,Job",Independent,None,None,,None,Bisexual,Female,Other,34.8655,-84.3253
Thomas Vincent,Thomas,Vincent,6192 Joe Frank Harris Pkwy NW,Adairsville,Georgia,30103,3,12/14/1992,29,,Judaism,Inclusive,Occasionally,None,Regular marijuana,,Home,Pampered,Shy,Both,Listen,React,None,,"Legal,Medical",Friend/Family,"Jail,Current Probation",None,,Important,Homosexual,Male,Male,34.3698,-84.9277
Timothy Haley,Timothy,Haley,,,,,,,,,,,,,,,,,,,,,,,,,,,,,,,Male,,
Timothy Henderson,Timothy,Henderson,,,,,,,,,,,,,,,,,,,,,,,,,,,,,,,Male,,
Tina Way,Tina,Way,300 Elbert St,Elberton,Georgia,30635,5,5/28/1993,28,,Hinduism,Unimportant,None,Addicted,Occasional marijuana,,Home,Event,Reserved,Introverted,Advice,React,"HS diploma in progress,Vocational/trade school applying",,"Medical,Budgeting",College,"Jail,Arrested",None,,Important,Heterosexual,Female,Other,34.1099,-82.8681
Tom Noyes,Tom,Noyes,210 S Main St,Odum,Georgia,31555,9,,,,,,,,,,,,,,,,,,,,,,,,,,Male,31.6661,-82.0286
Tommy Lambert,Tommy,Lambert,234 Broad St,Rome,Georgia,30161,3,,,,,,,,,,,,,,,,,,,,,,,,,,Male,34.2605,-85.1806
Tonya Allen,Tonya,Allen,,,,,,,,,,,,,,,,,,,,,,,,,,,,,,,Female,,
Vanessa Kelly,Vanessa,Kelly,5391 Hwy 53 #106,Braselton,Georgia,30517,5,10/8/1992,29,White,Spiritual,Unimportant,Addicted,Addicted,None,checked,Movie/Play,None,Shy,Extraverted,Self_Reliant,Reconcile,"HS diploma in progress,Vocational/trade school attending",,"Medical,Legal,Budgeting,Mental Health,Holidays,Resources,Social",College,None,None,,Important,Homosexual,Male,Male,34.107,-83.7624
Victor Clark,Victor,Clark,,,,,,,,,,,,,,,,,,,,,,,,,,,,,,,Male,,
Vincent Harris,Vincent,Harris,597 Barnsley Gardens Rd NW,Adairsville,Georgia,30103,3,12/6/1992,29,,Spiritual,Unimportant,Irresponsibly,Regularly,None,,Read/Walk,Pampered,Reserved,Introverted,Listen,Process,"HS diploma in progress,Vocational/trade school applying",,"Parenting,Social,Resources,Holidays,Medical,Budgeting",Couch_Hopping,None,None,,Difficult,Heterosexual,Male,Other,34.3698,-84.9277
Virginia Anderson,Virginia,Anderson,1408 Tallahassee Hwy STE C,Bainbridge,Georgia,39819,10,9/2/1993,28,Black/African American,Islam,Inclusive,Responsibly,Regularly,None,checked,Friends/Family,Nature,Shy,Extraverted,Listen,Process,"HS diploma completed,College degree",,"Social,Mental Health,Parenting,Holidays",Couch_Hopping,None,None,,None,Homosexual,Female,Male,30.9052,-84.5756
Virginia Egan,Virginia,Egan,44 Chambers St,Jasper,Georgia,30143,1,5/26/1993,28,Black/African American,Hinduism,Inclusive,Addicted,Occasionally,"Occasional marijuana,Regular cigarettes,Occasional vape",,Read/Walk,Event,Reserved,Extraverted,Listen,React,HS diploma in progress,,"Social,Legal,Holidays,Job,Budgeting",Friend/Family,None,None,,Difficult,Homosexual,Other,Male,34.4692,-84.4342
Virginia Griffin,Virginia,Griffin,,,,,,,,,,,,,,,,,,,,,,,,,,,,,,,Female,,
Virginia Robinson,Virginia,Robinson,1541 Griffin Hwy,Griffin,Georgia,30218,4,8/10/1993,28,Black/African American,Christianity,Exclusive,Irresponsibly,Addicted,"Occasional marijuana,Regular cigarettes,Regular vape",checked,Home,Event,Friendly,Introverted,Listen,React,"HS diploma completed,Vocational/trade school certified",,"Medical,Social,Budgeting,Job,Resources",Independent,None,None,,Important,Homosexual,Female,Other,33.2444,-84.2639
Virginia Wimbley,Virginia,Wimbley,840 Shoney's Dr,Ashburn,Georgia,31714,11,9/4/1993,28,Black/African American,Hinduism,Exclusive,Irresponsibly,Regularly,Occasional marijuana,,Home,Event,Shy,Introverted,Listen,React,GED in progress,,"Medical,Social",Couch_Hopping,Arrested,None,,Difficult,Heterosexual,Other,Female,31.7044,-83.6539
Wendy Cabrera,Wendy,Cabrera,533 E Washington Ave,Ashburn,Georgia,31714,11,12/10/1992,29,Black/African American,Hinduism,Inclusive,Irresponsibly,Regularly,None,checked,Read/Walk,Event,Friendly,Introverted,Advice,Process,"GED completed,College degree",,"Holidays,Budgeting,Social",Friend/Family,None,None,,Difficult,Bisexual,Other,Male,31.7044,-83.6539
Wes Conroy,Wes,Conroy,307 1st St,Uvalda,Georgia,30473,9,,,,,,,,,,,,,,,,,,,,,,,,,,Male,32.0378,-82.5089
William Beck,William,Beck,898 Buckhead Dr,Statesboro,Georgia,30458,12,,,,,,,,,,,,,,,,,,,,,,,,,,Male,32.4453,-81.7792
William Cary,William,Cary,3208 Buford Dr,Buford,Georgia,30519,13,2/8/1993,28,Black/African American,Judaism,Exclusive,None,Regularly,"Occasional marijuana,Occasional cigarettes",checked,Friends/Family,New,Reserved,Extraverted,Advice,Process,HS diploma in progress,,"Resources,Medical,Legal",Homeless,None,"Caring for 1,Multiple in kincare",,Difficult,Bisexual,Female,Male,34.1169,-83.9986
William Maldonado,William,Maldonado,410 N Hutchinson Ave,Adel,Georgia,31620,11,7/10/1993,28,,Other,Exclusive,None,Occasionally,None,checked,Friends/Family,None,Solitary,Both,Self_Reliant,Withdraw,HS diploma completed,,"Legal,Social,Job",Program,None,None,,Difficult,Homosexual,Other,Female,31.1383,-83.4258
William Pollard,William,Pollard,,,,,,,,,,,,,,,,,,,,,,,,,,,,,,,Male,,
William Regis,William,Regis,,,,,,,,,,,,,,,,,,,,,,,,,,,,,,,Male,,
William Stevens,William,Stevens,724 W 2nd St,Tifton,Georgia,31794,11,,,,,,,,,,,,,,,,,,,,,,,,,,Male,31.4633,-83.51
William Stidham,William,Stidham,210 Meridian Dr,Grovetown,Georgia,30813,7,3/13/1993,28,Black/African American,Judaism,Inclusive,Addicted,None,"Occasional marijuana,Occasional cigarettes",,Home,Pampered,Adventurous,Introverted,Self_Reliant,React,HS diploma completed,,"Holidays,Job,Resources,Budgeting,Mental Health",Homeless,None,None,,Important,Homosexual,Other,Male,33.4494,-82.1969
William Stone,William,Stone,121 S Broad St,Bainbridge,Georgia,39817,10,7/23/1993,28,,Spiritual,Unimportant,Irresponsibly,Addicted,None,,Read/Walk,Pampered,Shy,Both,Advice,Withdraw,GED in progress,,"Budgeting,Holidays,Parenting,Legal,Social",Homeless,None,None,,Difficult,Bisexual,Male,Male,30.9052,-84.5756
Wilma Baca,Wilma,Baca,,,,,,,,,,,,,,,,,,,,,,,,,,,,,,,Female,,
Zulema Blair,Zulema,Blair,,,,,,,,,,,,,,,,,,,,,,,,,,,,,,,Female,,
